[有碼]母雞,/xiazai/8136.html
[有碼]七條鈴子,/xiazai/8135.html
[有碼]魔獣浄化少女,/xiazai/8134.html
[有碼]少女,/xiazai/8133.html
[有碼]少女2,/xiazai/8131.html
[有碼]女教師4,/xiazai/8129.html
[有碼]色情便利店,/xiazai/8126.html
[有碼]雌雄同體,/xiazai/8119.html
[有碼]巨乳人妻,/xiazai/8118.html
[有碼]女教師催眠,/xiazai/8117.html
[有碼]棉花糖姐姐,/xiazai/8116.html
[有碼]性生活,/xiazai/8114.html
[有碼]小惡魔女友,/xiazai/8112.html
[有碼]四重奏,/xiazai/8110.html
[有碼]小春星川,/xiazai/8106.html
[有碼]神林,/xiazai/8103.html
[有碼]娘,/xiazai/8102.html
[有碼]麻豆手冊貪婪,/xiazai/8101.html
[有碼]凜子陥落,/xiazai/8099.html
[有碼]厚臉皮,/xiazai/8098.html
