不能生孩子很着急,/xiazai/42130.html
早川瑞希解禁連続絶頂,/xiazai/42129.html
诱惑巨乳姐姐,/xiazai/41982.html
性欲裸露焦急的,/xiazai/41981.html
性欲太强烈猥亵妻子,/xiazai/41817.html
新婚前夜绝望刺激的换妻乱交游戏,/xiazai/41816.html
下流的羞耻体位,/xiazai/41699.html
文京区女教师就读的整体治疗院,/xiazai/41698.html
诱惑儿子的媳妇,/xiazai/41524.html
我致力于我丈夫的老板,/xiazai/41523.html
请夺走我的第一个同性恋,/xiazai/41522.html
让纯粹中出的爆乳,/xiazai/41355.html
我无休止的鸡巴只记得射精,/xiazai/41353.html
肉感后藤里香,/xiazai/41352.html
工作时间欺骗新人女服务员,/xiazai/41175.html
忍受惊人的技巧,/xiazai/41174.html
我妻子的朋友在我家爬行,/xiazai/41037.html
女大学生中出白皮书,/xiazai/41036.html
真正体内射精,/xiazai/40831.html
它只适用于体内射精,/xiazai/40830.html
一个偶像的狂喜导致一个人射入巨大的射精,/xiazai/40686.html
和同事在出差地的旅馆秘密的私通,/xiazai/40685.html
美巨乳姐姐的爆炸狂风正式演出,/xiazai/40564.html
美丽的大学生的白板纯净的女儿,/xiazai/40563.html
成为一个理想的妈妈,/xiazai/40484.html
老男人和年轻女人的乱伦,/xiazai/40483.html
来日電撃,/xiazai/40482.html
被开发的淫荡的性感治疗法,/xiazai/40358.html
射精的天才,/xiazai/40357.html
巨乳义姐与香皂体验,/xiazai/40264.html
用浓厚的精子使禁欲女发狂的追击,/xiazai/40263.html
今天也是继父玩具,/xiazai/40154.html
妻子出轨的时候,/xiazai/40153.html
河北彩花生涯初ー性交,/xiazai/40059.html
合资赠送的非常H的场景,/xiazai/40058.html
中年的父亲,/xiazai/39948.html
有父亲的母亲和儿子出去做爱,/xiazai/39947.html
秘密我不能对我的丈夫说,/xiazai/39853.html
性侄女,/xiazai/39852.html
海关第一次体验服务,/xiazai/39743.html
连续浓密中出,/xiazai/39649.html
寻求非凡的刺激,/xiazai/39541.html
都会の高層階に店を構える最高峰,/xiazai/39540.html
電撃復活褐色少女透明内衣做爱,/xiazai/39373.html
我从未和我的丈夫在一起,/xiazai/39240.html
我等不及了,/xiazai/39085.html
通过触摸的足,/xiazai/38965.html
初次中出,/xiazai/38840.html
超接写SEX,/xiazai/38696.html
超豪華後宮大鍋炒同學會,/xiazai/38574.html
草食男子,/xiazai/38424.html
勃起！英俊的同事,/xiazai/38296.html
大山雀满身是汗,/xiazai/38147.html
愛田美月,/xiazai/38023.html
我已经射精了,/xiazai/37877.html
巴利人喜欢漂浮在比基尼女人身材上,/xiazai/37728.html
射击阴道,/xiazai/37595.html
嫁给精英的侄女,/xiazai/37443.html
我的妻子沉迷于这样的事情,/xiazai/37294.html
素人19歳,/xiazai/37123.html
职业女性的出演,/xiazai/36971.html
從午夜到早上,/xiazai/36638.html
爽到腦袋空白,/xiazai/36637.html
我要離開一個業餘女孩,/xiazai/36503.html
萬一被發現了怎麼辦,/xiazai/36502.html
痛苦地愛我,/xiazai/36405.html
我抓到她的日子,/xiazai/36404.html
我朋友的妻子衝進她的房子,/xiazai/36275.html
強姦目標,/xiazai/36152.html
全身謙虛科德的已婚女人,/xiazai/36006.html
忍住蒂亞高超淫技的話就讓你無套內射,/xiazai/35881.html
在很長一段時間裡都經歷了嚴重的生存,/xiazai/35734.html
為了老公成為假人,/xiazai/35606.html
無套中出首度解禁,/xiazai/35463.html
寫真天王來幹4砲,/xiazai/35337.html
胸部漂亮的人,/xiazai/35191.html
在僧侶中有著名的超然風格的正文,/xiazai/35061.html
因失禁的羞恥而高潮的爆乳美容師,/xiazai/34912.html
艾玉月變成了新秀公主,/xiazai/34794.html
用稚嫩話語渴求肉棒的性慾旺盛淫亂性交,/xiazai/34650.html
小悪魔女子射精管理,/xiazai/34521.html
最棒的無套內射愛愛,/xiazai/34377.html
最愛無套內射,/xiazai/34272.html
偶像櫻花天空也是第一個最好的,/xiazai/34021.html
害羞的第一個IKE SEX我會告訴你,/xiazai/33912.html
教師誘惑性欲全開,/xiazai/33787.html
因為我第一次能夠做她，我兒時的朋友,/xiazai/33686.html
被刺激胸部隱藏的性感帶痙攣瘋狂高潮,/xiazai/33596.html
爆乳女僕只愛著你,/xiazai/33470.html
爆乳美女遭遇色狼,/xiazai/33353.html
出租巨乳妹給你幹,/xiazai/33207.html
拍照Aki Sasaki,/xiazai/33065.html
來自該地區的可愛的職員,/xiazai/32962.html
夫出差妻子带年轻帅哥回家3天反复做爱,/xiazai/32877.html
和理性飛走大姐姐幹到中出,/xiazai/32749.html
嬌小肉體終於讓人射進去啦,/xiazai/32611.html
關於我能夠用我的偶像蝕刻的問題,/xiazai/32610.html
為一個正在被逮捕和性交的男人高興地瘋狂,/xiazai/32509.html
經常性器結合的男性美體沙龍,/xiazai/32508.html
巨乳女大學生喝酒之後吸男人們的肉棒,/xiazai/32390.html
知道快樂點的大師,/xiazai/32289.html
恋人坂井優羽,/xiazai/32174.html
理想的姐姐,/xiazai/32067.html
豐滿的大姐,/xiazai/31942.html
與商務旅行目的地的同事保密的保密事物,/xiazai/31828.html
大山雀身體1天H次,/xiazai/31689.html
男監禁後宮逆中出拷問,/xiazai/31560.html
一對夫婦帶著一對夫婦騎MM,/xiazai/31445.html
你的早晨開始匆忙,/xiazai/31345.html
誘惑你,/xiazai/31214.html
首次亮相七週年紀念租賃,/xiazai/31144.html
自登場以來最尷尬，最大膽的第一輛車,/xiazai/31036.html
暨中出肛門,/xiazai/30932.html
愛是一個赤裸裸的擦身體,/xiazai/30802.html
大乳房L杯120厘米,/xiazai/30695.html
嚴重壹岐,/xiazai/30580.html
我知道她從東京轉學的真正原因,/xiazai/30108.html
场感十足的巨乳美女肉搏战,/xiazai/29892.html
小悪魔姪子温泉旅行,/xiazai/29795.html
出现超美熟女北条麻妃露肢体,/xiazai/29676.html
純粹中出解除禁令初次快感高潮性愛,/xiazai/29568.html
大爵士歌手,/xiazai/29457.html
一個職業婦女,/xiazai/29353.html
姐姐成長良好,/xiazai/29233.html
親吻性交以粗魯的方式糾纏她的丈夫,/xiazai/29138.html
麗莎去了公司送她丈夫丟失的物品,/xiazai/29027.html
陰道射精射擊,/xiazai/28927.html
共同生活在一起,/xiazai/28813.html
緊緊握住她的手,/xiazai/28703.html
（AV女演員）20歲,/xiazai/28583.html
看到了妹妹的爆乳,/xiazai/28459.html
肉體侍奉,/xiazai/28337.html
一個年輕的妻子,/xiazai/28239.html
我今晚會做很多職業服務,/xiazai/28109.html
究極專業風俗店,/xiazai/27996.html
大山雀和姐姐戶外浴,/xiazai/27782.html
不要陷入一個絕對的家庭,/xiazai/27654.html
魔女究極巨尻美乳,/xiazai/27554.html
媽媽最好的朋友來自這個國家,/xiazai/27443.html
豐富的高潮,/xiazai/27318.html
一個小魔鬼女人偷偷地誘惑我,/xiazai/27196.html
求不満超市女店员们享用大肉棒,/xiazai/27080.html
進一步刺入子宮後部,/xiazai/27079.html
人生第一次暨射擊乞求嚴重驚厥,/xiazai/26944.html
蕩婦邀請乳頭狀態,/xiazai/26943.html
此刻看到豐滿的衣服,/xiazai/26942.html
人妻温泉,/xiazai/26842.html
童貞的射精爆速騎馬位射,/xiazai/26724.html
我的妹妹才不會在泡泡浴工作,/xiazai/26620.html
溢出的性慾,/xiazai/26502.html
用淫語加泡泡浴乳交刺激但卻不讓你射出來,/xiazai/26387.html
一個奇蹟苗條的身材妻子,/xiazai/26281.html
中年親父濃厚性交,/xiazai/26182.html
紅色臉紅暨射擊多次部署,/xiazai/26040.html
美髮師助理,/xiazai/25939.html
魅惑美女欲望身体AV面接,/xiazai/23914.html
那裡的巨乳比基尼素人先生,/xiazai/23813.html
誰言性欲,/xiazai/23676.html
誕生日彼女,/xiazai/23569.html
被地方不良威脅帶女友來被肏翻姬野菖蒲,/xiazai/23463.html
街角巨乳,/xiazai/23330.html
街角素人編,/xiazai/23260.html
誘惑女教師,/xiazai/23179.html
美熟女,/xiazai/23117.html
美女3,/xiazai/23022.html
美女装子,/xiazai/22924.html
素人投稿動画超話題人妻女教師,/xiazai/22769.html
童貞,/xiazai/22606.html
絶対,/xiazai/22472.html
九州方言,/xiazai/22471.html
爆乳2,/xiazai/22432.html
無盡的性愛,/xiazai/22431.html
無意識男,/xiazai/22248.html
湊莉久中出,/xiazai/22247.html
淫亂護士水野朝陽挑戰企劃,/xiazai/22077.html
淫亂手技射精管理女家教九重環奈,/xiazai/22076.html
全身性感帯,/xiazai/21950.html
欲求不満淫乱妻,/xiazai/21949.html
極上風俗嬢,/xiazai/21948.html
突撃訪問2,/xiazai/21901.html
极上爆乳义母近親相姦,/xiazai/21900.html
有賀,/xiazai/21899.html
不貞時間停止中出澡堂的店員,/xiazai/21721.html
不貞,/xiazai/21720.html
依頼自慢美人妻,/xiazai/21673.html
敏感乳首巨乳娘,/xiazai/21672.html
改名第2弾,/xiazai/21588.html
成績,/xiazai/21587.html
快樂乳頭,/xiazai/21586.html
SEX4本番,/xiazai/21404.html
其实我爱你,/xiazai/21403.html
人妻按摩养生催情诱奸,/xiazai/21402.html
人妻交流会,/xiazai/21325.html
乖巧女覚醒,/xiazai/21324.html
隐秘的SEX,/xiazai/21323.html
微乳娘敏感乳首激萌骑乘,/xiazai/21216.html
平日社内,/xiazai/21215.html
巨根少年惡作劇,/xiazai/21214.html
巨大掲示板,/xiazai/21091.html
工廠欠債被肏翻的爆乳寡婦天野美優,/xiazai/21090.html
容許別人侵入心和身體的人妻,/xiazai/21089.html
小泽玛利亚,/xiazai/20884.html
極限爆発,/xiazai/20883.html
女子,/xiazai/20882.html
温泉旅館,/xiazai/20713.html
1泊2日,/xiazai/20712.html
M界新星,/xiazai/20711.html
真面目,/xiazai/20666.html
中出性処理,/xiazai/20665.html
女達,/xiazai/20664.html
中出義姉,/xiazai/20539.html
下流馬位清純咖啡店長AV演出,/xiazai/20538.html
AV出演,/xiazai/20478.html
未亡人,/xiazai/20477.html
美巨乳30人,/xiazai/20247.html
20歳限定4時間BEST,/xiazai/20246.html
不可思议的体位,/xiazai/11250.html
早漏妻大乱交,/xiazai/11243.html
不穿內褲和內衣,/xiazai/11239.html
貧乳美少女性交,/xiazai/11238.html
18歲AV偶像私密檔案音無沙耶香,/xiazai/11237.html
超薄格,/xiazai/11232.html
勃起不全的我,/xiazai/11230.html
超硬勃起傳說,/xiazai/11228.html
超素人頻道,/xiazai/11227.html
初体验,/xiazai/11225.html
初撮人妻,/xiazai/11223.html
全裸家政婦ol,/xiazai/11220.html
到處都穿運動短褲,/xiazai/11219.html
吉川蓮的特濃中出,/xiazai/11217.html
緩慢射精勃起美容沙龍,/xiazai/11216.html
榎本美咲,/xiazai/11215.html
漂亮少妇,/xiazai/11212.html
滿員電車中痴漢的肉棒頂著越來越興奮,/xiazai/11210.html
可愛學妹幫處男的我射精管理,/xiazai/11206.html
温泉旅馆性爱旅行,/xiazai/11204.html
請帶比妳可愛的女孩過來,/xiazai/11202.html
弄濕你的褲子體育館,/xiazai/11201.html
女子大生露出,/xiazai/11200.html
射精無制限ol,/xiazai/11198.html
保险夫人,/xiazai/11194.html
私通的妻子,/xiazai/11190.html
妄想sex,/xiazai/11189.html
無制限射精,/xiazai/11185.html
巨乳女子校生ol,/xiazai/11183.html
愛妻,/xiazai/11182.html
主婦美人,/xiazai/11181.html
有名角色扮演者,/xiazai/11176.html
危險日中出ol,/xiazai/11173.html
全裸的惡作劇,/xiazai/11171.html
治療男人們技能熟練,/xiazai/11168.html
超絶品ol,/xiazai/11166.html
口内射精ol,/xiazai/11165.html
潮吹中出,/xiazai/11161.html
出走的少女,/xiazai/11160.html
浓密的性爱,/xiazai/11158.html
口交9,/xiazai/11156.html
男上司女部下来挑战按摩疗法,/xiazai/11153.html
絶頂ol,/xiazai/11148.html
快感射精,/xiazai/11147.html
勃起sex1,/xiazai/11146.html
美咲,/xiazai/11144.html
巨乳sex1,/xiazai/11141.html
20歳的美少女,/xiazai/11139.html
成人式,/xiazai/11136.html
可愛的義妹,/xiazai/11132.html
快感sex,/xiazai/11129.html
韓国少女,/xiazai/11128.html
普通女子,/xiazai/11125.html
貧乏姉妹中出,/xiazai/11122.html
著名快遞租賃,/xiazai/11119.html
至高風呂屋,/xiazai/11116.html
放心絶頂,/xiazai/11110.html
美乳ol,/xiazai/11109.html
絶頂開発オ性交,/xiazai/11107.html
男孩对大奶子很感兴趣,/xiazai/11106.html
玷汙大嫂的弟弟,/xiazai/11104.html
深喉嚨的真空口交,/xiazai/11100.html
夫の親族中出未亡人,/xiazai/11099.html
每天10發內出不結束的粘著老闆,/xiazai/11095.html
極の映像27人,/xiazai/11092.html
本能淫慾快楽,/xiazai/11089.html
惡作劇初美沙希,/xiazai/11088.html
微醺性愛長谷川美久,/xiazai/11087.html
從正面瞄準巨乳姑姑的身體,/xiazai/11083.html
彻底多折磨特别,/xiazai/11077.html
引退之前臨終的電視劇凌辱有能力上司,/xiazai/11076.html
性交天使,/xiazai/11073.html
因为在玩捉迷藏而进来我房间,/xiazai/11071.html
明日花,/xiazai/11069.html
回春旅館,/xiazai/11067.html
労働者様,/xiazai/11062.html
小悪魔sex,/xiazai/11059.html
被侵犯的游泳教練,/xiazai/11058.html
中出SEX的雛妓俱樂部,/xiazai/11055.html
超巨根性交的女人們,/xiazai/11053.html
人妻sex1,/xiazai/11050.html
素人AVsex,/xiazai/11048.html
高級COSPLAY裝扮泰國浴,/xiazai/11042.html
巨乳媽媽,/xiazai/11040.html
覺醒注意悔恨視線,/xiazai/11039.html
全裸爆乳女僕,/xiazai/11037.html
恋夜,/xiazai/11036.html
老人社區情色看護幫,/xiazai/11033.html
由愛可奈sex,/xiazai/11032.html
肉體撞擊,/xiazai/11025.html
欲求不満人妻中出,/xiazai/11024.html
皮膚白桃子潮濕極近觀察,/xiazai/11022.html
強制淫語教室,/xiazai/11021.html
女友故意誘惑,/xiazai/11018.html
高級洗浴店,/xiazai/11017.html
人妻的同事,/xiazai/11011.html
好久不見,/xiazai/11005.html
豪华电视,/xiazai/11003.html
美丽的丝袜妻子,/xiazai/11001.html
極度可愛,/xiazai/11000.html
美脚OL2,/xiazai/10997.html
家教,/xiazai/10995.html
私立大学ol,/xiazai/10992.html
坂下麻衣,/xiazai/10981.html
性欲少女,/xiazai/10979.html
偶遇巨乳正妹,/xiazai/10978.html
性交Ol,/xiazai/10977.html
乳交,/xiazai/10976.html
青年,/xiazai/10975.html
女子校生03,/xiazai/10973.html
素人妻,/xiazai/10965.html
想成為AV女優,/xiazai/10963.html
全身性感帯的天才,/xiazai/10962.html
繼母對我巨根的慾望,/xiazai/10960.html
若妻ol,/xiazai/10958.html
胜利SEX,/xiazai/10957.html
肉感3D,/xiazai/10953.html
色情小子,/xiazai/10947.html
素人女孩,/xiazai/10946.html
無理強制射精,/xiazai/10944.html
奶頭激凸誘惑,/xiazai/10943.html
小肉棒鑑賞会,/xiazai/10941.html
痴女人妻,/xiazai/10938.html
擁有完美身材的媽媽,/xiazai/10935.html
河南実里,/xiazai/10932.html
欲求不満妻自慰誘惑男人,/xiazai/10931.html
人妻調教性愛,/xiazai/10929.html
真性中出大乱交,/xiazai/10927.html
援交中出,/xiazai/10926.html
専属女優2,/xiazai/10924.html
激情做爱,/xiazai/10921.html
未成熟的身體,/xiazai/10918.html
超高級洗浴,/xiazai/10916.html
淫亂人妻,/xiazai/10912.html
休息日,/xiazai/10911.html
淫亂熟女人妻,/xiazai/10910.html
滿足的美少女,/xiazai/10902.html
角色扮演者同居生活,/xiazai/10901.html
誘惑年輕人,/xiazai/10899.html
毎日SEX,/xiazai/10898.html
八木友理奈,/xiazai/10894.html
色情2,/xiazai/10893.html
獨自一人的女士,/xiazai/10891.html
性感02,/xiazai/10887.html
調教6,/xiazai/10884.html
白皙巨乳人妻,/xiazai/10882.html
美女誘惑OL,/xiazai/10881.html
不倫休暇中,/xiazai/10879.html
妻子OL,/xiazai/10878.html
超爱的弟弟,/xiazai/10875.html
可愛女OL,/xiazai/10872.html
女士首先,/xiazai/10870.html
浴衣02,/xiazai/10867.html
放學後的學校女生,/xiazai/10865.html
美人老師,/xiazai/10862.html
朝勃誘惑,/xiazai/10860.html
她眼前的男友,/xiazai/10857.html
SEX調教,/xiazai/10856.html
解除禁令,/xiazai/10854.html
陰道射精,/xiazai/10851.html
巨乳女教師的誘惑,/xiazai/10849.html
可愛OL,/xiazai/10846.html
接吻OL,/xiazai/10843.html
裸體巨乳妻子,/xiazai/10842.html
妻子的慾望,/xiazai/10840.html
妻子的秘密02,/xiazai/10836.html
清純可愛美眉中出,/xiazai/10835.html
肉食系女子,/xiazai/10832.html
人妻女教師OL,/xiazai/10828.html
我的同事在出差,/xiazai/10827.html
女子新入,/xiazai/10825.html
內衣模特兒,/xiazai/10823.html
AV出演OL,/xiazai/10819.html
中出AV,/xiazai/10817.html
誘惑OL,/xiazai/10815.html
只屬於我的巨乳媽媽,/xiazai/10810.html
素人男性,/xiazai/10809.html
中出撮影会,/xiazai/10808.html
調教OL,/xiazai/10805.html
我的母親OL,/xiazai/10801.html
真面目4,/xiazai/10798.html
親戚,/xiazai/10797.html
麻里梨夏2,/xiazai/10793.html
我的丈夫4,/xiazai/10792.html
最強3,/xiazai/10789.html
童貞告白,/xiazai/10785.html
巨乳的母親,/xiazai/10783.html
心愛的女孩,/xiazai/10781.html
欲求不満妻,/xiazai/10778.html
麻里梨夏,/xiazai/10774.html
不道德的画布,/xiazai/10772.html
被繼父強行插入,/xiazai/10771.html
乱,/xiazai/7902.html
