 手机播放 ,/shipin/index.html
 在线视频 ,/shipin/index.html
 中文配音 ,/shipin/index.html
 中文电影 ,/shipin/index.html
 丝袜诱惑 ,/shipin/index.html
 美臀美颜 ,/shipin/index.html
 萝莉写真 ,/shipin/index.html
 长腿丝袜 ,/shipin/index.html
 亚洲电影 ,/xiazai/list-亚洲电影.html
 欧美电影 ,/xiazai/list-欧美电影.html
 制服丝袜 ,/xiazai/list-制服丝袜.html
 强奸乱伦 ,/xiazai/list-强奸乱伦.html
 国产自拍 ,/xiazai/list-国产自拍.html
 变态另类 ,/xiazai/list-变态另类.html
 经典三级 ,/xiazai/list-经典三级.html
 成人动漫 ,/xiazai/list-成人动漫.html
 自拍偷拍 ,/tupian/list-自拍偷拍.html
 亚洲色图 ,/tupian/list-亚洲色图.html
 欧美色图 ,/tupian/list-欧美色图.html
 美腿丝袜 ,/tupian/list-美腿丝袜.html
 清纯唯美 ,/tupian/list-清纯唯美.html
 乱伦熟女 ,/tupian/list-乱伦熟女.html
 卡通动漫 ,/tupian/list-卡通动漫.html
 极品美女 ,/meinv/index.html
 高清美女 ,/meinv/index.html
 美女诱惑 ,/meinv/index.html
 推女郎图 ,/meinv/index.html
 极品诱惑 ,/meinv/index.html
 巨乳诱惑 ,/meinv/index.html
 撸管图片 ,/meinv/index.html
 打飞机区 ,/meinv/index.html
 极品美女 ,/meinv/index.html
 都市激情 ,/xiaoshuo/list-都市激情.html
 人妻交换 ,/xiaoshuo/list-人妻交换.html
 校园春色 ,/xiaoshuo/list-校园春色.html
 家庭乱伦 ,/xiaoshuo/list-家庭乱伦.html
 情色笑话 ,/xiaoshuo/list-情色笑话.html
 性爱技巧 ,/xiaoshuo/list-性爱技巧.html
 武侠古典 ,/xiaoshuo/list-武侠古典.html
 另类小说 ,/xiaoshuo/list-另类小说.html
 有声小说 ,/yousheng/index.html
 性爱录音 ,/yousheng/index.html
 有声连载 ,/yousheng/index.html
 色情小说 ,/yousheng/index.html
 金鳞全集 ,/yousheng/index.html
 少妇白洁 ,/yousheng/index.html
 冰峰魔恋 ,/yousheng/index.html
 天地之间 ,/yousheng/index.html
