穿著色情纫碌挠栈,/shipin/42760.html,https://www.mmxzxl1.com/common/wm/2019_05/07/wm_wgfnWGTd_wm.mp4,thunder://QUFodHRwczovL3d3dy5tbXh6eGwxLmNvbS9jb21tb24vd20vMjAxOV8wNS8wNy93bV93Z2ZuV0dUZF93bS5tcDRaWg==
j求不满的淫乱痴女,/shipin/42759.html,https://www.mmxzxl1.com/common/wm/2019_05/07/wm_EsgEDYmd_wm.mp4,thunder://QUFodHRwczovL3d3dy5tbXh6eGwxLmNvbS9jb21tb24vd20vMjAxOV8wNS8wNy93bV9Fc2dFRFltZF93bS5tcDRaWg==
KIRARI MMDV 19 从后面干她,/shipin/42615.html,https://www.mmxzxl1.com/common/wm/2019_05/06/wm_AbjmaNEc_wm.mp4,thunder://QUFodHRwczovL3d3dy5tbXh6eGwxLmNvbS9jb21tb24vd20vMjAxOV8wNS8wNi93bV9BYmptYU5FY193bS5tcDRaWg==
森女 LLDV 23 舔肉棒的美少女,/shipin/42614.html,https://www.mmxzxl1.com/common/wm/2019_05/06/wm_qRXsfnCx_wm.mp4,thunder://QUFodHRwczovL3d3dy5tbXh6eGwxLmNvbS9jb21tb24vd20vMjAxOV8wNS8wNi93bV9xUlhzZm5DeF93bS5tcDRaWg==
人偶人妻危险故事,/shipin/42477.html,https://www.mmxzxl1.com/common/wm/2019_05/05/wm_kgwUuJTu_wm.mp4,thunder://QUFodHRwczovL3d3dy5tbXh6eGwxLmNvbS9jb21tb24vd20vMjAxOV8wNS8wNS93bV9rZ3dVdUpUdV93bS5tcDRaWg==
出轨亲密性爱~淫乱的舌头互相纠缠,/shipin/42476.html,https://www.mmxzxl1.com/common/wm/2019_05/05/wm_bNAaYRQj_wm.mp4,thunder://QUFodHRwczovL3d3dy5tbXh6eGwxLmNvbS9jb21tb24vd20vMjAxOV8wNS8wNS93bV9iTkFhWVJRal93bS5tcDRaWg==
玩弄了ゆう的胸部,/shipin/42333.html,https://www.mmxzxl1.com/common/wm/2019_05/04/wm_YLVvHeXg_wm.mp4,thunder://QUFodHRwczovL3d3dy5tbXh6eGwxLmNvbS9jb21tb24vd20vMjAxOV8wNS8wNC93bV9ZTFZ2SGVYZ193bS5tcDRaWg==
让漂亮白领崩溃,/shipin/42332.html,https://www.mmxzxl1.com/common/wm/2019_05/04/wm_HfMccKFG_wm.mp4,thunder://QUFodHRwczovL3d3dy5tbXh6eGwxLmNvbS9jb21tb24vd20vMjAxOV8wNS8wNC93bV9IZk1jY0tGR193bS5tcDRaWg==
CATCHEYE Vol.176 模特收藏,/shipin/42207.html,https://www.mmxzxl1.com/common/wm/2019_05/03/wm_qthcncra_wm.mp4,thunder://QUFodHRwczovL3d3dy5tbXh6eGwxLmNvbS9jb21tb24vd20vMjAxOV8wNS8wMy93bV9xdGhjbmNyYV93bS5tcDRaWg==
心跳不已~做饭做爱都喜欢,/shipin/42206.html,https://www.mmxzxl1.com/common/wm/2019_05/03/wm_XqGGanXS_wm.mp4,thunder://QUFodHRwczovL3d3dy5tbXh6eGwxLmNvbS9jb21tb24vd20vMjAxOV8wNS8wMy93bV9YcUdHYW5YU193bS5tcDRaWg==
e人妻子的味道～色气丰满妻子的诱惑,/shipin/42046.html,https://www.mmxzxl1.com/common/wm/2019_05/02/wm_DxGfaFau_wm.mp4,thunder://QUFodHRwczovL3d3dy5tbXh6eGwxLmNvbS9jb21tb24vd20vMjAxOV8wNS8wMi93bV9EeEdmYUZhdV93bS5tcDRaWg==
不断摇晃的漂亮爆乳,/shipin/42045.html,https://www.mmxzxl1.com/common/wm/2019_05/02/wm_QcGuxnNw_wm.mp4,thunder://QUFodHRwczovL3d3dy5tbXh6eGwxLmNvbS9jb21tb24vd20vMjAxOV8wNS8wMi93bV9RY0d1eG5Od193bS5tcDRaWg==
Merci Beaucoup,/shipin/41896.html,https://www.mmxzxl1.com/common/wm/2019_05/01/wm_QLApFqPH_wm.mp4,thunder://QUFodHRwczovL3d3dy5tbXh6eGwxLmNvbS9jb21tb24vd20vMjAxOV8wNS8wMS93bV9RTEFwRnFQSF93bS5tcDRaWg==
模特收藏 桥本,/shipin/41895.html,https://www.mmxzxl1.com/common/wm/2019_05/01/wm_MSTVpbdN_wm.mp4,thunder://QUFodHRwczovL3d3dy5tbXh6eGwxLmNvbS9jb21tb24vd20vMjAxOV8wNS8wMS93bV9NU1RWcGJkTl93bS5tcDRaWg==
可鄣娜毡臼D得到性交,/shipin/41763.html,https://www.mmxzxl1.com/common/wm/2019_04/30/wm_JJjYhhrY_wm.mp4,thunder://QUFodHRwczovL3d3dy5tbXh6eGwxLmNvbS9jb21tb24vd20vMjAxOV8wNC8zMC93bV9KSmpZaGhyWV93bS5tcDRaWg==
来做小姐的可爱女大学生,/shipin/41762.html,https://www.mmxzxl1.com/common/wm/2019_04/30/wm_mCLEefAE_wm.mp4,thunder://QUFodHRwczovL3d3dy5tbXh6eGwxLmNvbS9jb21tb24vd20vMjAxOV8wNC8zMC93bV9tQ0xFZWZBRV93bS5tcDRaWg==
碜匀毡镜Saltry Sluts,/shipin/41602.html,https://www.mmxzxl1.com/common/wm/2019_04/29/wm_MKcUDWbf_wm.mp4,thunder://QUFodHRwczovL3d3dy5tbXh6eGwxLmNvbS9jb21tb24vd20vMjAxOV8wNC8yOS93bV9NS2NVRFdiZl93bS5tcDRaWg==
的D6,/shipin/41601.html,https://www.mmxzxl1.com/common/wm/2019_04/29/wm_xTHuNuvY_wm.mp4,thunder://QUFodHRwczovL3d3dy5tbXh6eGwxLmNvbS9jb21tb24vd20vMjAxOV8wNC8yOS93bV94VEh1TnV2WV93bS5tcDRaWg==
好奇的日本美眉,/shipin/41497.html,https://www.mmxzxl1.com/common/wm/2019_04/28/wm_LncphDdS_wm.mp4,thunder://QUFodHRwczovL3d3dy5tbXh6eGwxLmNvbS9jb21tb24vd20vMjAxOV8wNC8yOC93bV9MbmNwaERkU193bS5tcDRaWg==
青少年公u洲人,/shipin/41496.html,https://www.mmxzxl1.com/common/wm/2019_04/28/wm_ERLUDMPf_wm.mp4,thunder://QUFodHRwczovL3d3dy5tbXh6eGwxLmNvbS9jb21tb24vd20vMjAxOV8wNC8yOC93bV9FUkxVRE1QZl93bS5tcDRaWg==
|京珍,/shipin/41255.html,https://www.mmxzxl1.com/common/wm/2019_04/27/wm_xxvsxj2m_wm.mp4,thunder://QUFodHRwczovL3d3dy5tbXh6eGwxLmNvbS9jb21tb24vd20vMjAxOV8wNC8yNy93bV94eHZzeGoybV93bS5tcDRaWg==
澳大利人在大阪,/shipin/41254.html,https://www.mmxzxl1.com/common/wm/2019_04/27/wm_qmaavs4x_wm.mp4,thunder://QUFodHRwczovL3d3dy5tbXh6eGwxLmNvbS9jb21tb24vd20vMjAxOV8wNC8yNy93bV9xbWFhdnM0eF93bS5tcDRaWg==
生活俱乐部 女孩 LLDV 21 捆绑狂人 ,/shipin/41100.html,https://www.mmxzxl1.com/common/wm/2019_04/26/wm_t4yqj7k5_wm.mp4,thunder://QUFodHRwczovL3d3dy5tbXh6eGwxLmNvbS9jb21tb24vd20vMjAxOV8wNC8yNi93bV90NHlxajdrNV93bS5tcDRaWg==
突然访问！女优直接来到影迷家里,/shipin/40910.html,https://www.mmxzxl1.com/common/wm/2019_04/25/wm_3n7rg2ey_wm.mp4,thunder://QUFodHRwczovL3d3dy5tbXh6eGwxLmNvbS9jb21tb24vd20vMjAxOV8wNC8yNS93bV8zbjdyZzJleV93bS5tcDRaWg==
激烈刺激！！无尽的潮吹高潮,/shipin/40909.html,https://www.mmxzxl1.com/common/wm/2019_04/25/wm_ea2uvyjb_wm.mp4,thunder://QUFodHRwczovL3d3dy5tbXh6eGwxLmNvbS9jb21tb24vd20vMjAxOV8wNC8yNS93bV9lYTJ1dnlqYl93bS5tcDRaWg==
请插进我那湿透的小穴吧,/shipin/40754.html,https://www.mmxzxl1.com/common/wm/2019_04/24/wm_knea6rqs_wm.mp4,thunder://QUFodHRwczovL3d3dy5tbXh6eGwxLmNvbS9jb21tb24vd20vMjAxOV8wNC8yNC93bV9rbmVhNnJxc193bS5tcDRaWg==
全裸下跪的淫乱痴女,/shipin/40753.html,https://www.mmxzxl1.com/common/wm/2019_04/24/wm_2qh8gad6_wm.mp4,thunder://QUFodHRwczovL3d3dy5tbXh6eGwxLmNvbS9jb21tb24vd20vMjAxOV8wNC8yNC93bV8ycWg4Z2FkNl93bS5tcDRaWg==
你好 MXX 11柔软身体美少女,/shipin/40646.html,https://www.mmxzxl1.com/common/wm/2019_04/23/wm_uns4jnak_wm.mp4,thunder://QUFodHRwczovL3d3dy5tbXh6eGwxLmNvbS9jb21tb24vd20vMjAxOV8wNC8yMy93bV91bnM0am5ha193bS5tcDRaWg==
你好MXX 12 豪华的风俗女,/shipin/40643.html,https://www.mmxzxl1.com/common/wm/2019_04/23/wm_nvx7kcct_wm.mp4,thunder://QUFodHRwczovL3d3dy5tbXh6eGwxLmNvbS9jb21tb24vd20vMjAxOV8wNC8yMy93bV9udng3a2NjdF93bS5tcDRaWg==
史上少女 LLDV 20和分丰满的她不停做爱,/shipin/40548.html,https://www.mmxzxl1.com/common/wm/2019_04/22/wm_p4gkxk2x_wm.mp4,thunder://QUFodHRwczovL3d3dy5tbXh6eGwxLmNvbS9jb21tb24vd20vMjAxOV8wNC8yMi93bV9wNGdreGsyeF93bS5tcDRaWg==
下流的美女的潜规则,/shipin/40547.html,https://www.mmxzxl1.com/common/wm/2019_04/22/wm_6c5uh2kr_wm.mp4,thunder://QUFodHRwczovL3d3dy5tbXh6eGwxLmNvbS9jb21tb24vd20vMjAxOV8wNC8yMi93bV82YzV1aDJrcl93bS5tcDRaWg==
猫步 毒药 CCDV 21 双马尾可爱女孩 ,/shipin/40437.html,https://www.mmxzxl1.com/common/wm/2019_04/21/wm_3qspcu2a_wm.mp4,thunder://QUFodHRwczovL3d3dy5tbXh6eGwxLmNvbS9jb21tb24vd20vMjAxOV8wNC8yMS93bV8zcXNwY3UyYV93bS5tcDRaWg==
猫步独行 CCDV 20 看著很清纯却很天然的女孩,/shipin/40436.html,https://www.mmxzxl1.com/common/wm/2019_04/21/wm_5awq58nt_wm.mp4,thunder://QUFodHRwczovL3d3dy5tbXh6eGwxLmNvbS9jb21tb24vd20vMjAxOV8wNC8yMS93bV81YXdxNThudF93bS5tcDRaWg==
十分感谢 MXX 10 不断调教,/shipin/40293.html,https://www.mmxzxl1.com/common/wm/2019_04/20/wm_ekc2dscp_wm.mp4,thunder://QUFodHRwczovL3d3dy5tbXh6eGwxLmNvbS9jb21tb24vd20vMjAxOV8wNC8yMC93bV9la2MyZHNjcF93bS5tcDRaWg==
十分感谢 MXX 09 熟女淫乱的诱惑,/shipin/40292.html,https://www.mmxzxl1.com/common/wm/2019_04/20/wm_ru75k2jq_wm.mp4,thunder://QUFodHRwczovL3d3dy5tbXh6eGwxLmNvbS9jb21tb24vd20vMjAxOV8wNC8yMC93bV9ydTc1azJqcV93bS5tcDRaWg==
听主人话的性人偶,/shipin/40233.html,https://www.mmxzxl1.com/common/wm/2019_04/19/wm_4hmubqse_wm.mp4,thunder://QUFodHRwczovL3d3dy5tbXh6eGwxLmNvbS9jb21tb24vd20vMjAxOV8wNC8xOS93bV80aG11YnFzZV93bS5tcDRaWg==
见面就能干的专用女W,/shipin/40232.html,https://www.mmxzxl1.com/common/wm/2019_04/19/wm_dvu3skfc_wm.mp4,thunder://QUFodHRwczovL3d3dy5tbXh6eGwxLmNvbS9jb21tb24vd20vMjAxOV8wNC8xOS93bV9kdnUzc2tmY193bS5tcDRaWg==
混血美女跟我做爱,/shipin/40123.html,https://www.mmxzxl1.com/common/wm/2019_04/18/wm_kaejpkdx_wm.mp4,thunder://QUFodHRwczovL3d3dy5tbXh6eGwxLmNvbS9jb21tb24vd20vMjAxOV8wNC8xOC93bV9rYWVqcGtkeF93bS5tcDRaWg==
后辈的妹妹～要对哥哥保密哦,/shipin/40122.html,https://www.mmxzxl1.com/common/wm/2019_04/18/wm_n5trx62t_wm.mp4,thunder://QUFodHRwczovL3d3dy5tbXh6eGwxLmNvbS9jb21tb24vd20vMjAxOV8wNC8xOC93bV9uNXRyeDYydF93bS5tcDRaWg==
O上泡物Z.,/shipin/40027.html,https://www.mmxzxl1.com/common/wm/2019_04/17/wm_TMCaT2SK_wm.mp4,thunder://QUFodHRwczovL3d3dy5tbXh6eGwxLmNvbS9jb21tb24vd20vMjAxOV8wNC8xNy93bV9UTUNhVDJTS193bS5tcDRaWg==
