街角巨乳,/xiazai/23330.html
街角素人編,/xiazai/23260.html
誘惑女教師,/xiazai/23179.html
美熟女,/xiazai/23117.html
美女3,/xiazai/23022.html
美女装子,/xiazai/22924.html
素人投稿動画超話題人妻女教師,/xiazai/22769.html
童貞,/xiazai/22606.html
絶対,/xiazai/22472.html
九州方言,/xiazai/22471.html
爆乳2,/xiazai/22432.html
無盡的性愛,/xiazai/22431.html
無意識男,/xiazai/22248.html
湊莉久中出,/xiazai/22247.html
淫亂護士水野朝陽挑戰企劃,/xiazai/22077.html
淫亂手技射精管理女家教九重環奈,/xiazai/22076.html
全身性感帯,/xiazai/21950.html
欲求不満淫乱妻,/xiazai/21949.html
極上風俗嬢,/xiazai/21948.html
突撃訪問2,/xiazai/21901.html
