dva,/shipin/42914.html
pian名:与年轻岳母的那些年,/shipin/42913.html
????,/shipin/42912.html
借种第五节，点♥️继续,/shipin/42911.html
徐尚风主意身体。,/shipin/42910.html
你们要的灌肠，装的下星辰大海(๑•́ ₃ •̀๑),/shipin/42909.html
重庆求约,/shipin/42908.html
不上热门不更新！街射，厕所偷拍，抄底都有哦,/shipin/42907.html
长视频3,/shipin/42906.html
空空,/shipin/42905.html
外拍现场..喜欢不??,/shipin/42904.html
直接喷了。,/shipin/42903.html
记得小时候看到哥哥在打飞机，我好奇问他在干嘛，他说这是练武术，后面上小学一年级，班主任说同学们有什么课余爱好，我永远忘不了我上台表演武术的那天。,/shipin/42902.html
主播,/shipin/42901.html
自己摸摸 爽吧哥哥們,/shipin/42900.html
可能有其他的声音，见谅,/shipin/42899.html
看看這個 大家喜歡吧,/shipin/42898.html
后续，点赞过万继续发续集，看完不赞是蔡徐坤,/shipin/42897.html
点赞超一万  继续更新,/shipin/42896.html
借种第三节，点赞的干事不射,/shipin/42895.html
66666,/shipin/42894.html
臭妹妹你搞黄色,/shipin/42893.html
点赞＝精品,/shipin/42892.html
大波上位,/shipin/42891.html
动漫迷,/shipin/42890.html
点赞走一走，活到99,/shipin/42889.html
长视频来了，声音也修复了，喜欢的点赞了,/shipin/42888.html
陕西风俗,/shipin/42887.html
女神口交,/shipin/42886.html
幼齒,/shipin/42885.html
你们骂点什么，又不是没有发后续只是不通过我有什么办法????????,/shipin/42884.html
点赞，继发,/shipin/42883.html
透明人间 二 no.9 话,/shipin/42882.html
AV 航空 二 no.8,/shipin/42881.html
金瓶艳史 no.14,/shipin/42880.html
转贴 no.2,/shipin/42879.html
喷奶系列二 no.28 话,/shipin/42878.html
店长の秘录 八 no.3 end,/shipin/42877.html
点点小红心过500继续,/shipin/42680.html
关注吧，有的是,/shipin/42679.html
中午吃饱了继续干,/shipin/42678.html
看看快快快,/shipin/42677.html
666,/shipin/42676.html
点赞大哥大姐,/shipin/42675.html
帮我上热门…天天让你们看,/shipin/42674.html
可以热门咩,/shipin/42673.html
点点赞呐，下集发自慰视频,/shipin/42672.html
厕所来一砲,/shipin/42671.html
这种偷情时来电话是真的吗？(´°Δ°`),/shipin/42670.html
义母的吐息，点关注不迷路带你去看优衣库,/shipin/42669.html
爽歪歪,/shipin/42668.html
飞机控不容错过 舞蹈竟然如此甜美,/shipin/42667.html
(≖‿≖)✧,/shipin/42666.html
续发,/shipin/42665.html
怎么私?,/shipin/42664.html
跟前面一样也是ai换脸,/shipin/42663.html
监狱,/shipin/42662.html
好厉害,/shipin/42661.html
点赞有后续,/shipin/42660.html
美国美女,/shipin/42659.html
点赞过一万明天接着更,/shipin/42658.html
好看不，点赞一千   继续后续,/shipin/42657.html
看完点赞❤，指定你会发大财。不点也无所谓，身体健康，万事如意。,/shipin/42656.html
金瓶艳史 no.13,/shipin/42655.html
分享女友 私聊,/shipin/42654.html
AV 航空 二 no.7,/shipin/42653.html
透明人间 二 no.8 话,/shipin/42652.html
店长の秘录 八 no.2,/shipin/42651.html
转贴 no.1,/shipin/42650.html
喷奶系列二 no.27 话,/shipin/42649.html
点赞过一万明天继续发,/shipin/42648.html
带大家冲，打几分,/shipin/42647.html
证大的，点赞上热门。,/shipin/42646.html
不赞她就是你老婆，不能反弹,/shipin/42645.html
没赞的小鸡鸡,/shipin/42644.html
看完不点赞，全家死绝。,/shipin/42643.html
看视频不点赞的死一家,/shipin/42642.html
最美婚礼 点赞热门有后续,/shipin/42550.html
NO·1大白兔,/shipin/42549.html
爱心点一点，点赞的都会被这女的操哦,/shipin/42548.html
后续来了，爱心点一点还有哦，点赞的都会被这个女的操哦,/shipin/42547.html
老阿姨系列,/shipin/42546.html
把我女朋友的小逼给你们看看，粉粉的点赞后续,/shipin/42545.html
嗨不嗨,/shipin/42544.html
我又来了，爸爸们求羞辱，送我上热门有福利,/shipin/42543.html
重口味系列,/shipin/42542.html
不赞蔡徐坤反弹无效,/shipin/42541.html
对这种的真的没抵抗力（来骂我吧，我只觉得好东西应该分享）,/shipin/42540.html
点赞 ☺,/shipin/42539.html
大家喜欢吗,/shipin/42538.html
齐得隆咚呛,/shipin/42537.html
南宁母狗想认识的私,/shipin/42536.html
英雄联盟同人,/shipin/42535.html
关注点赞跟进后续,/shipin/42534.html
有后续,/shipin/42533.html
学生妹下集更精彩,/shipin/42532.html
凭什么删我帖，我又没违规，点赞继续发,/shipin/42531.html
私聊????????,/shipin/42530.html
哎嘿嘿～～,/shipin/42529.html
看完点赞，祝你的屌再长2cm，如果没点❤那就当我没说过。,/shipin/42528.html
打算退了，剩下点福利发给大家,/shipin/42527.html
求赞,/shipin/42526.html
这是续发。。后面还有好几集，看各位狼友的赞了,/shipin/42525.html
宝贝的自慰,/shipin/42524.html
哈哈,/shipin/42523.html
看了不赞都是秒男,/shipin/42522.html
看看怎么样,/shipin/42521.html
铃原爱,/shipin/42520.html
点点关注,/shipin/42519.html
乳汁,/shipin/42518.html
如果不喜欢兔兔，以后就不发了~要多多赞呦~兔兔那么可爱,/shipin/42517.html
爱你三千遍,/shipin/42516.html
看完记得赞,/shipin/42515.html
喜欢点赞，继续更新,/shipin/42514.html
点赞每天有逼操,/shipin/42513.html
同学聚会，弄的一塌糊涂,/shipin/42512.html
自家母狗，看了不赞jj5厘米,/shipin/42511.html
点赞的都是大jj,/shipin/42510.html
自卫小视频 看完不双击都要阳痿 这还是处哦,/shipin/42509.html
猫猫,/shipin/42508.html
不点赞没有下一次,/shipin/42507.html
喜欢您就看,/shipin/42406.html
来来来,/shipin/42405.html
斗宗强者恐怖如斯,/shipin/42404.html
纯爱篇开始了,/shipin/42403.html
超级清纯反差婊,/shipin/42402.html
飘起来,/shipin/42401.html
洞穴篇结局了,/shipin/42400.html
随便发发。,/shipin/42399.html
又看有攒，立马有伴,/shipin/42398.html
聊聊自己不敢做的事,/shipin/42397.html
日日,/shipin/42396.html
很骚的货.,/shipin/42395.html
随缘点赞,/shipin/42394.html
黑人,/shipin/42393.html
贵在真实,/shipin/42392.html
审核有问题，发了四次审核不成功上次达标，这次7000❤关注我，看空间，多点❤,/shipin/42391.html
不赞jj短20cm,/shipin/42390.html
给赞，继续。,/shipin/42389.html
爱心点一点，不点的都是菜菜,/shipin/42388.html
；；,/shipin/42387.html
……,/shipin/42386.html
这个人很懒,/shipin/42385.html
到底发什么你们才会点赞捏,/shipin/42384.html
第二部,/shipin/42383.html
一段让大部分男人自卑的视频,/shipin/42382.html
店长の秘录 八 no.1,/shipin/42381.html
来个热门~谢谢各位老板~点赞JJ长5CM,/shipin/42380.html
喷奶系列二 no.26 话,/shipin/42379.html
点一次赞❤不会死的，也不用钱的，但jj小的就别点了。,/shipin/42378.html
大奶宝,/shipin/42377.html
转贴 no.11 end,/shipin/42376.html
俗话说得好不想当将军的士兵不是好士兵，所以赞多了????我也不介意,/shipin/42375.html
点赞点关注，各种类型都发,/shipin/42374.html
不点赞的都是…算了，祝各位全都20cm,/shipin/42373.html
透明人间 二 no.7 话,/shipin/42372.html
AV 航空 二 no.6,/shipin/42371.html
迪卡侬女主天空酒吧再现高潮     NO.2,/shipin/42370.html
迪卡侬女主天空酒吧再现高潮     NO.6,/shipin/42369.html
迪卡侬女主天空酒吧再现高潮     NO.1,/shipin/42368.html
no.11想看后续多点心，截视频真心不容易,/shipin/42367.html
求赞，有后续,/shipin/42366.html
迪卡侬女主天空酒吧再现高潮     NO.5,/shipin/42365.html
双人按摩no.10,/shipin/42364.html
金瓶艳史 no.12,/shipin/42363.html
小奴，只看不赞舔脚的就是你！,/shipin/42362.html
关注，有后续,/shipin/42257.html
1000赞发后续,/shipin/42256.html
不知道你们喜不喜欢，希望能让我火,/shipin/42255.html
网红王一霏，还有两部先给你们看个短的，过1000赞秒更下部,/shipin/42254.html
继续发全,/shipin/42253.html
红心点过100 接后续,/shipin/42252.html
主播﹉,/shipin/42251.html
大家麻烦点个赞，以后会努力发,/shipin/42250.html
过700继续,/shipin/42249.html
不过就不发了,/shipin/42248.html
续集来了,/shipin/42247.html
上热门  发后续,/shipin/42246.html
小骚逼,/shipin/42245.html
还记得吗,/shipin/42244.html
大奶,/shipin/42243.html
点赞！,/shipin/42242.html
精品，后续，有全集，,/shipin/42241.html
五一节假日快乐，鸡儿不放假！,/shipin/42240.html
还是那个主播,/shipin/42239.html
大家喜欢这样的吗,/shipin/42238.html
第一部,/shipin/42237.html
小学偷拍,/shipin/42236.html
后续喜欢点个赞,/shipin/42235.html
关注后续更新,/shipin/42234.html
日本强奸文化，祝各位点赞的兄弟，鸡巴都超过20厘米。,/shipin/42233.html
不点赞的鸡鸡都这么大！！！,/shipin/42232.html
有没有找我聊天，,/shipin/42231.html
逮虾户,/shipin/42230.html
猥琐,/shipin/42229.html
这个嫩不嫩？       点赞,/shipin/42228.html
来呀,/shipin/42227.html
男友是绿帽侠,/shipin/42226.html
点赞发后续,/shipin/42225.html
上原4,/shipin/42224.html
点赞就行，无诅咒,/shipin/42223.html
好腿,/shipin/42222.html
还是她,/shipin/42221.html
只看不赞，都是***！,/shipin/42220.html
点赞超过500发本人自慰视频,/shipin/42219.html
看了不赞死全家,/shipin/42218.html
点赞更多精彩视频,/shipin/42217.html
随缘点赞，反正不要钱。,/shipin/42216.html
社区送温暖,/shipin/42128.html
小心心走起，榜1,/shipin/42127.html
第一集这是上一个系列的第一季❤越多更新越快,/shipin/42126.html
等一下,/shipin/42125.html
求过，有谁认识的嘛？,/shipin/42124.html
好骚,/shipin/42123.html
热门之后发娜美罗宾，能不能看看你们,/shipin/42122.html
可能我做的也不好，但是我会持续更新的。,/shipin/42121.html
野战,/shipin/42120.html
剧情不错，此系列有3部,/shipin/42119.html
下面好痒,/shipin/42118.html
这个萝莉的逼太爽了,/shipin/42117.html
发发看看，考虑以后发不发,/shipin/42116.html
嫩不嫩,/shipin/42115.html
点心心            不点  心心           你们知道的,/shipin/42114.html
青岛城阳小蝌蚪找妈妈。,/shipin/42113.html
多赞多更新！,/shipin/42112.html
这骚逼真好约,/shipin/42111.html
no1,/shipin/42110.html
过万后续奉上 看完点赞 腰缠万贯,/shipin/42109.html
勾搭酒店服务员，续集,/shipin/42108.html
后续来了,/shipin/42107.html
金瓶艳史 no.11,/shipin/42106.html
AV 航空 二 no.5,/shipin/42105.html
性交学园 一 no.25 话 end,/shipin/42104.html
透明人间 二 no.6 话,/shipin/42103.html
上个视频终于8000❤了这是个老番所以这次7000❤关注我，看空间，多点❤,/shipin/42102.html
第一次发一会发后续  求波赞,/shipin/42101.html
不赞全家狗蛋,/shipin/42100.html
，，，,/shipin/42099.html
喷奶系列二 no.25 话,/shipin/42098.html
店长の秘录 七 no.3 end,/shipin/42097.html
想要后续吗,/shipin/42096.html
你们的小心心是我更新的动力，不要白嫖哦,/shipin/42095.html
不点赞的都是cxk,/shipin/42094.html
，你们的小心心是我更新的动力，不要白嫖哦,/shipin/42093.html
点赞过500发私处,/shipin/42092.html
骚逼玩跳蛋想要小心心呐,/shipin/42091.html
日常,/shipin/42090.html
看完不赞cxk，反弹无效,/shipin/42089.html
转贴 no.10,/shipin/42088.html
有赞有逼，,/shipin/42087.html
点赞的都是,/shipin/42086.html
想日,/shipin/42085.html
只看不赞，jj短一半,/shipin/42084.html
第一次发，能不能火靠大家了,/shipin/41980.html
骚死了,/shipin/41979.html
做你的小母狗,/shipin/41978.html
赞吧,/shipin/41977.html
嘻嘻,/shipin/41976.html
????????????,/shipin/41975.html
如果觉得好看请点赞????！你想看什么请私信我，说不定我发的下一个视频就是你想看的,/shipin/41974.html
四年下课没,/shipin/41973.html
喜欢的时候回来啦,/shipin/41972.html
希望能支持我，让我继续发下去,/shipin/41971.html
求赞破千,/shipin/41970.html
再传不上就不玩了,/shipin/41969.html
楼道里啪啪啪,/shipin/41968.html
喜欢吗？请各位点点赞啊,/shipin/41967.html
好看不,/shipin/41966.html
过????????,/shipin/41965.html
喜欢吗  点个赞坝,/shipin/41964.html
来呀，溜冰啊，上头啊，一起操逼呀，评论区留v,/shipin/41963.html
续集,/shipin/41962.html
嗯哼,/shipin/41961.html
这女的谁要玩,/shipin/41960.html
少妇级别的,/shipin/41959.html
同学私拍,/shipin/41958.html
点赞继续更新,/shipin/41957.html
喜欢吗 点个赞坝,/shipin/41956.html
看完不赞????,/shipin/41955.html
不一样的,/shipin/41954.html
就是不点赞么。。发完这波不发动漫了,/shipin/41953.html
看完不赞,/shipin/41952.html
多点红心多更新！,/shipin/41951.html
诱惑酒店服务员干她，要后续点赞,/shipin/41950.html
周妍希,/shipin/41949.html
点赞关注，不点鸡鸡短一半,/shipin/41948.html
AV 航空 二 no.4,/shipin/41947.html
好不好看,/shipin/41946.html
喷奶系列二 no.24 话,/shipin/41945.html
性交学园 一 no.24 话,/shipin/41944.html
金瓶艳史 no.10,/shipin/41943.html
爷爷操孙女看完不赞…不赞拉倒,/shipin/41942.html
硅胶娃娃，我不像某些人不点赞的就咒骂全家的，随缘点赞，,/shipin/41941.html
更新续集,/shipin/41940.html
第一次发，求个赞,/shipin/41939.html
点赞太少。。发完这波不发动漫了,/shipin/41938.html
hh,/shipin/41937.html
店长の秘录 七 no.2,/shipin/41936.html
SEXのハードルが異常に低い世界11 no.31 end,/shipin/41935.html
透明人间 二 no.5 话,/shipin/41934.html
转贴 no.9,/shipin/41933.html
给攒吧伙计们！,/shipin/41697.html
哇哦第一次上传，要求低一点1000❤下一个视频，你们猜片名。,/shipin/41696.html
日她,/shipin/41695.html
吃点辣条????,/shipin/41694.html
还要我发的话看你们的赞了 关注我 想要啥类型私信我,/shipin/41693.html
来了，点赞啊。要不没有动力了,/shipin/41692.html
后续3,/shipin/41691.html
...,/shipin/41690.html
姐弟游戏，猜猜这是什么部位，oh my god，这是鸡巴，第一弹。大家喜欢的话点爱心继续更,/shipin/41689.html
不点❤的臭弟弟往后稍稍，爬！,/shipin/41688.html
你们的足交，不赞jj一寸钉。,/shipin/41687.html
续集，赞赞赞,/shipin/41686.html
哦豁,/shipin/41685.html
偶买噶   卡忙  点赞的性福一生,/shipin/41684.html
点赞过1000发下一个,/shipin/41683.html
特可热特尔色骆驼,/shipin/41682.html
喜欢吗？关注我继续更新,/shipin/41681.html
调教短发骚母狗第一集 上热门出后续,/shipin/41680.html
前世今生今世辣婆婆,/shipin/41679.html
有人要看这个的吗？,/shipin/41678.html
方法,/shipin/41677.html
美吧?聯繫我,/shipin/41676.html
极品少妇，双击评论发后续,/shipin/41675.html
人写虫,/shipin/41674.html
做爱做的事.,/shipin/41673.html
点个赞,/shipin/41672.html
好视频要大家分享，点点小红心，接着后续番号MUM-126，各位狼友不用四处找了，关注我，我会持续为大家推荐好看的番号作品,/shipin/41671.html
可以啥？？,/shipin/41670.html
点赞发续集,/shipin/41669.html
快了,/shipin/41668.html
金瓶艳史 no.8,/shipin/41667.html
转贴 no.7,/shipin/41666.html
店长の秘录 六 no.3 end,/shipin/41665.html
准备好你的纸 尽情的射出来来吧，点个红心证明你是18CM的！,/shipin/41664.html
看完不赞，祝你全家早泄。反弹无效！,/shipin/41663.html
透明人间 二 no.3 话,/shipin/41662.html
巨乳美胸,/shipin/41661.html
不点赞的都变秒n,/shipin/41660.html
一直看各位的，不发一点总觉得不还意思，番号IBW-518Z，番号我给各位了，喜欢的给个赞吧，以后有好资源继续分享,/shipin/41659.html
AV 航空 二 no.2,/shipin/41658.html
性交学园 一 no.22 话,/shipin/41657.html
弟弟的老婆,/shipin/41656.html
喷奶系列二 no.22 话,/shipin/41655.html
求点赞关注，后续视频看心情点赞的据说jj都是20cm，不点都像蔡徐坤,/shipin/41654.html
SEXのハードルが異常に低い世界11 no.29,/shipin/41653.html
搭讪实录 一 no.31 话 end,/shipin/41652.html
天天看别人的也不好意思 自己找点资源给大家看吧,/shipin/41493.html
能火不,/shipin/41492.html
身材满分？,/shipin/41491.html
职高妹子,/shipin/41490.html
满天都是小星星,/shipin/41489.html
继续,/shipin/41488.html
给个喜欢行吗,/shipin/41487.html
来了哟????,/shipin/41486.html
刺…刺激,/shipin/41485.html
别。。,/shipin/41484.html
喜欢吗,/shipin/41483.html
11,/shipin/41482.html
好大????,/shipin/41481.html
怎么样,/shipin/41480.html
上传几次其他的，没传上，就一直没更新。搞不懂一些垃圾视频都能穿，为毛我想传正规的却被刷下来。,/shipin/41479.html
看完点个赞吧不求别的给个赞就好,/shipin/41478.html
上热门继续发,/shipin/41477.html
后续2,/shipin/41476.html
第一次发  点个赞吧  有后续  嘿嘿????,/shipin/41475.html
后续来啦~这一次心心过一千才发后续哦~看完不赞和cxk舌吻,/shipin/41474.html
兄弟们给我点赞，有后续,/shipin/41473.html
露出，有知道这是哪的吗,/shipin/41472.html
皮卡丘不然却阿萨师傅,/shipin/41471.html
那个号不小心删了，接着来,/shipin/41470.html
看完不赞，鸡鸡减半，反弹无效！,/shipin/41469.html
再来一个，顺便说吧，这个是我姐姐。特别骚,/shipin/41468.html
SEXのハードルが異常に低い世界11 no.28,/shipin/41467.html
美美哒,/shipin/41466.html
宝生莉莉同系列第二部，我相信马赛克阻挡不住猫友对莉莉的爱和点赞。你们赞太多我更新太快会不会翻车啊？,/shipin/41465.html
小早川怜子 一 no.26 话 end,/shipin/41464.html
性交学园 一 no.21 话,/shipin/41463.html
强行,/shipin/41462.html
金瓶艳史 no.7,/shipin/41461.html
店长の秘录 六 no.2,/shipin/41460.html
转贴 no.6,/shipin/41459.html
AV 航空 二 no.1,/shipin/41458.html
喷奶系列二 no.21 话,/shipin/41457.html
來操我,/shipin/41456.html
搭讪实录 一 no.30 话,/shipin/41455.html
过2000发后续,/shipin/41454.html
透明人间 二 no.2 话,/shipin/41453.html
好看不赞，全家完蛋,/shipin/41452.html
不赞鸡鸡短一半,/shipin/41451.html
后续来了，这一次心心还是过五百发后续~看完不赞长得像cxk。,/shipin/41450.html
不点赞全家死光。,/shipin/41449.html
老师办公室,/shipin/41448.html
喜欢这样不,/shipin/41351.html
速度好快...,/shipin/41350.html
继续继续,/shipin/41349.html
喜歡這顏色麻,/shipin/41348.html
ASMR,/shipin/41347.html
关注双击,/shipin/41346.html
完美,/shipin/41345.html
还有没有,/shipin/41344.html
小妹妹，胸还没长大,/shipin/41343.html
裙底偷拍，屁股好翘，骚货,/shipin/41342.html
..................,/shipin/41341.html
小可爱,/shipin/41340.html
求过,/shipin/41339.html
第二部热门继续,/shipin/41338.html
透视,/shipin/41337.html
点赞过100继续更新。,/shipin/41336.html
只是刚刚开始,/shipin/41335.html
顶上去有后续,/shipin/41334.html
喜欢的点个赞,/shipin/41333.html
有赞吗？？,/shipin/41332.html
好痒,/shipin/41331.html
水叔,/shipin/41330.html
点赞 关注,/shipin/41329.html
摸奶啊。,/shipin/41328.html
爽上天,/shipin/41327.html
点赞的都增加10厘米,/shipin/41326.html
南京搔货主播，要联系方式的私聊,/shipin/41325.html
女同事，要续集点赞,/shipin/41324.html
继续热门吧加把劲儿,/shipin/41323.html
点个小心心,/shipin/41322.html
看完不赞，鸡儿腐烂????,/shipin/41321.html
觉得奶子不错点赞,/shipin/41320.html
SEXのハードルが異常に低い世界11 no.27,/shipin/41319.html
店长の秘录 六 no.1,/shipin/41318.html
送送送挑三拣四是,/shipin/41317.html
心心到五百给后续~看完不点心打篮球像cxk,/shipin/41316.html
要上天了,/shipin/41315.html
金瓶艳史 no.6,/shipin/41314.html
性交学园 一 no.20 话,/shipin/41313.html
小早川怜子 一 no.26 话,/shipin/41312.html
喷奶系列二 no.20 话,/shipin/41311.html
点赞接着发,/shipin/41310.html
希望通过。,/shipin/41309.html
搭讪实录 一 no.29 话,/shipin/41308.html
转贴 no.5,/shipin/41307.html
硬了点赞,/shipin/41306.html
透明人间 二 no.1 话,/shipin/41305.html
谢谢大家支持，我再更个精彩镜头。点赞哦,/shipin/41304.html
灌肠,/shipin/41173.html
AA,/shipin/41172.html
迷奸哦,/shipin/41171.html
我就纳闷，这3D的有这么难过的什么？,/shipin/41170.html
南京搔货,/shipin/41169.html
后续二,/shipin/41168.html
厕所偷窥_KTV女厕所偷拍小美女嫩屄,/shipin/41167.html
想看更多，私,/shipin/41166.html
看完记得点赞,/shipin/41165.html
没了！,/shipin/41164.html
没赞以后不更了,/shipin/41163.html
????????????????????????,/shipin/41162.html
不好看你打我,/shipin/41161.html
欧美精品，后续可能会有求点赞求关注点赞都加18cm,/shipin/41160.html
偷吃闺蜜男友,/shipin/41159.html
快跑,/shipin/41158.html
南京搔货,/shipin/41157.html
迷奸3,/shipin/41156.html
找我吧,/shipin/41155.html
英语老师4,/shipin/41154.html
纹身风骚女求点赞关注不点都像蔡徐坤,/shipin/41153.html
第一次发，求过,/shipin/41152.html
能过5千赞吗,/shipin/41151.html
你们的小星星是我更新的动力,/shipin/41150.html
这个太牛逼了希望能够热门,/shipin/41149.html
极品鲍求点赞关注，点赞都已经18cm了,/shipin/41148.html
点赞还有,/shipin/41147.html
黑帮性奴求关注点赞点赞都是18cm，不点都像蔡徐坤,/shipin/41146.html
派对浴室求点赞求关注不点的阳痿,/shipin/41145.html
人生如戏戏如人生,/shipin/41144.html
深喉，这个后续我不知道能不能找到求点赞关注，持续更新不点赞都像蔡徐坤～,/shipin/41143.html
舒服吗 我也来一下,/shipin/41142.html
求爸爸们调教（私聊）,/shipin/41141.html
火车上刺激求点赞关注点赞都是18cm，不点都是蔡徐坤,/shipin/41140.html
赞赞赞,/shipin/41139.html
太浪了,/shipin/41138.html
热门,/shipin/41137.html
母子乱伦点赞18cm不点赞像蔡徐坤,/shipin/41136.html
先给你们发个结尾？看看点赞的多不多 后续继续。,/shipin/41135.html
弄了好久才喷水的，不火就不更了。。。哼哼哼,/shipin/41134.html
大学生,/shipin/41133.html
光看不赞，jj减半，反弹无效,/shipin/41132.html
想看的别说别的点赞吧,/shipin/41131.html
光看不赞，全家完蛋,/shipin/41130.html
更新了 话说这是什么鬼动漫 重口味  求赞 关注了说一下,/shipin/41035.html
喜欢吗，骚吗？,/shipin/41034.html
大奶妹超正,/shipin/41033.html
关注收藏求赞,/shipin/41032.html
就喜欢露脸,/shipin/41031.html
哈哈哈，好搞笑的大爷。,/shipin/41030.html
红心订上去看这骚货喷水！有后续 一万漏脸,/shipin/41029.html
老太婆,/shipin/41028.html
不点赞都是蔡徐坤,/shipin/41027.html
好好玩有趣,/shipin/41026.html
自己想吧,/shipin/41025.html
肿成这样还用黄瓜插,/shipin/41024.html
野外打炮就是爽,/shipin/41023.html
续集3，求大家看到多点赞支持下,/shipin/41022.html
4p刘总出品点个赞让我上热门后面还有,/shipin/41021.html
自慰到爆炸 红心走一走,/shipin/41020.html
过审吧,/shipin/41019.html
刘总出品让我上热门关注不迷路,/shipin/41018.html
音乐学院女大学生卫生间后续2，直接射，关注有更多福利视频分享,/shipin/41017.html
这部番的最后一个剪辑，各位给力点这期8000❤关注我，看空间，多点❤,/shipin/41016.html
后续，过五千赞继续发,/shipin/41015.html
请大家欣赏视频作品,/shipin/41014.html
点赞,/shipin/41013.html
好看嗎,/shipin/41012.html
上个视频续，点赞过万，下个视频露脸,/shipin/41011.html
小骚逼痒死了，好想要啊，想吃大鸡巴,/shipin/41010.html
喜欢高质量我就多发了＝w＝,/shipin/41009.html
怕她老公看到！,/shipin/41008.html
大家觉得是韩国开放还是日本开放？点赞，时间长又长,/shipin/41007.html
喜欢的来了,/shipin/41006.html
她痛苦的样子，多美啊,/shipin/41005.html
过审,/shipin/41004.html
看完不点赞 …………我就嘤嘤嘤,/shipin/41003.html
点赞过100更新下一部。,/shipin/41002.html
没人赞就不发了！！退出江湖,/shipin/41001.html
这是谁,/shipin/41000.html
约会后续，见面后直奔餐厅卫生间，先口交后操逼，过五千赞两百评论继续发操逼视频，,/shipin/40999.html
给我点赞的屌都跟驴一样大,/shipin/40998.html
点赞的JJ和我一样大,/shipin/40997.html
音乐学院女大学生卫生间后续1,/shipin/40996.html
第二了,/shipin/40995.html
点红心就是资源 速度了,/shipin/40994.html
点赞加长十厘米,/shipin/40993.html
关注我，持续更新给个赞，点赞都18cm不点像蔡徐坤，滑稽,/shipin/40992.html
第一次发  伍仟双击    点赞jj又大又粗  下一个干她,/shipin/40991.html
一个骚老师,/shipin/40990.html
不给❤的都是蔡徐坤,/shipin/40989.html
極品身材3,/shipin/40829.html
爽不爽，你们说,/shipin/40828.html
。。,/shipin/40827.html
这视频好圆啊,/shipin/40826.html
上热门，发全集,/shipin/40825.html
关注点赞，日常更新10部，我想上热门,/shipin/40824.html
卢本伟牛逼！,/shipin/40823.html
家里不管够啊,/shipin/40822.html
兄弟们，点赞破千我就发长视频了,/shipin/40821.html
为婕哥打call,/shipin/40820.html
点赞的2小时不射,/shipin/40819.html
喜欢的点赞评论关注走一波，持续更新，想提前开全部的私信我。,/shipin/40818.html
小小小,/shipin/40817.html
各种喷水，赞的都18cm哈,/shipin/40816.html
年轻和尚偷食禁果,/shipin/40815.html
极品,/shipin/40814.html
约会音乐学院女大学生，没穿内裤就来了，上热门发在卫生间操她的视频,/shipin/40813.html
累了睡觉了热了在搬,/shipin/40812.html
水叔作品过不了审，本子也一样点什么收藏啊？关注啊！,/shipin/40811.html
不点赞鸡儿凭空缩短五厘米,/shipin/40810.html
再不火不发了,/shipin/40809.html
喜欢就点个赞,/shipin/40808.html
点赞就完射了,/shipin/40807.html
不点赞的鸡鸡都这么大,/shipin/40806.html
各种喷水，赞的都18cm哟,/shipin/40805.html
走个后续,/shipin/40804.html
关注我持续更新，给个赞吧～据说点赞都18cm,/shipin/40803.html
1万❤更新,/shipin/40802.html
極品身材2,/shipin/40801.html
厕所偷窥_商场女厕所偷拍一个小美女，尿急的样子很搞笑,/shipin/40800.html
咬她,/shipin/40799.html
好不好的自己看,/shipin/40798.html
極品大奶,/shipin/40797.html
非常嫩喔,/shipin/40796.html
好嫩啊，甘泉啊,/shipin/40795.html
小早川怜子 一 no.24 话,/shipin/40794.html
SEXのハードルが異常に低い世界11 no.25,/shipin/40793.html
搭讪实录 一 no.27 话,/shipin/40792.html
光看不点赞，床上一分半,/shipin/40791.html
喷奶系列二 no.19 话,/shipin/40790.html
性交学园 一 no.19 话,/shipin/40789.html
金瓶艳史 no.5,/shipin/40788.html
店长の秘录 五 no.2,/shipin/40787.html
。。。,/shipin/40786.html
转贴 no.3,/shipin/40785.html
喷一波，听说赞的都18cm？,/shipin/40784.html
你们要的萝莉不一样的版本,/shipin/40783.html
不点赞的性无能！,/shipin/40782.html
走一个,/shipin/40781.html
看完不点赞 阳痿加软蛋,/shipin/40780.html
-------------------------------,/shipin/39539.html
第一次发想上一次热门,/shipin/39538.html
小哥哥有小骚逼插。,/shipin/39537.html
皮裤3,/shipin/39536.html
母狗，,/shipin/39535.html
------,/shipin/39534.html
-*****,/shipin/39533.html
女主播，可约,/shipin/39532.html
性感小屁屁,/shipin/39531.html
好白,/shipin/39530.html
皮裤1,/shipin/39529.html
同事姐姐老公出差了 帮忙满足她 有没有想一起干这大屁股的 求过给赞有后续,/shipin/39528.html
姨妈妈嘛,/shipin/39527.html
要看,/shipin/39526.html
皮裤2,/shipin/39525.html
//////,/shipin/39524.html
天依的怎么搜不出来？？,/shipin/39523.html
-----,/shipin/39522.html
使劲艹，,/shipin/39521.html
-----,/shipin/39520.html
喜欢偷拍吗,/shipin/39519.html
水汪汪的b,/shipin/39518.html
皮裤6,/shipin/39517.html
方程式,/shipin/39516.html
没有心心，凑数中~,/shipin/39515.html
第一次发想上热门,/shipin/39514.html
支持原创，谢谢,/shipin/39513.html
----,/shipin/39512.html
接着上一篇的，喜欢妹妹的可以关注妹妹同城可约无偿哦只要哥哥喜欢,/shipin/39511.html
*********,/shipin/39510.html
----,/shipin/39509.html
哥哥们妹妹下面真的痒想要哥哥的大鸡巴私信我无偿哦，妹妹第一次发希望通过谢谢大家的支持,/shipin/39508.html
唱歌????,/shipin/39507.html
点赞关注不迷路,/shipin/39506.html
随便传一下，看看有人看吗,/shipin/39372.html
老阿姨,/shipin/39371.html
听说你们喜欢看舔老婆逼,/shipin/39370.html
i站转载天依虫狗交,/shipin/39369.html
骚妹,/shipin/39368.html
有没有想吸我老婆骚奶的,/shipin/39367.html
加钱拍摄,/shipin/39366.html
大湿奶5,/shipin/39365.html
骚女全方位自摸，顶起来，关注，合胃口,/shipin/39364.html
想这么玩小骚货,/shipin/39363.html
推油按摩,/shipin/39362.html
第一次发，能不能上一次热门,/shipin/39361.html
锦炼新村附近,/shipin/39360.html
约吗？,/shipin/39359.html
真好看,/shipin/39358.html
按摩师,/shipin/39357.html
性感小妖精,/shipin/39356.html
菇凉，下面凉快吗,/shipin/39355.html
没有赞也就没有动力了,/shipin/39354.html
想吃的举手,/shipin/39353.html
哈哈哈还好还好,/shipin/39352.html
随拍,/shipin/39351.html
喜欢喜欢,/shipin/39350.html
????比,/shipin/39239.html
咸阳商贸学院 小骚货 有想艹的么,/shipin/39238.html
不太敢看，看多怕弯了|ω・）,/shipin/39237.html
三上～,/shipin/39236.html
.0.0,/shipin/39235.html
能否热搜？,/shipin/39234.html
红心点亮   明天更新,/shipin/39233.html
老婆最喜欢舔她的大骚逼,/shipin/39232.html
镜子前面一共四集，别老镜子镜子|ω・）,/shipin/39231.html
这个版本的你们绝对没看过,/shipin/39230.html
喜囍吗,/shipin/39229.html
活好(✪▽✪),/shipin/39228.html
...,/shipin/39227.html
贱B发骚狂喷水 求大鸡巴插 点赞上头条可私信,/shipin/39226.html
给哥哥们来一个方方的好视频，记得点赞,/shipin/39225.html
大家猜片名！,/shipin/39224.html
点赞超过1000继续发,/shipin/39223.html
好爽哦，小哥哥。看完不赞滴小弟弟腐烂哦，嘻嘻,/shipin/39222.html
第一次发请大力支持????,/shipin/39221.html
第一次偷拍  好紧张   ❤ 继续,/shipin/39220.html
宿舍自拍,/shipin/39219.html
大家看看我这35岁的骚逼嫂子骚不骚好多骚水。叫的让人受不了了,/shipin/39218.html
不赚钱就发最后一次。,/shipin/39217.html
胸胸胸……,/shipin/39216.html
深洞探索,/shipin/39215.html
鬼鬼，要不要发，感觉你们都看过|ω・）,/shipin/39214.html
让你们看我放尿2留言，让我更加刺激，后续,/shipin/39213.html
天干物燥，鸡鸡干不干呀？要不要插进来湿润一下呢，快来当着我男朋友面操的我死去活来,/shipin/39084.html
新人报道,/shipin/39083.html
有赞后续内射,/shipin/39082.html
兮兮多多,/shipin/39081.html
。。。？,/shipin/39080.html
大小奶,/shipin/39079.html
喜欢的话就点点小心心，会有后续噢,/shipin/39078.html
看这逼怎么样  子宫口直动,/shipin/39077.html
活好,/shipin/39076.html
兄弟们点点红心，让我热门，我会选一个点赞的。，一起操我媳妇。,/shipin/39075.html
好久不见了,/shipin/39074.html
感觉可以吗？,/shipin/39073.html
阳春求洞,/shipin/39072.html
后续，我老婆已经成功看上一个大鸡巴，还差两位就可以玩3p了，35岁到45岁的大鸡巴可以参加,/shipin/39071.html
洗洗澡,/shipin/39070.html
这个职业怎么样,/shipin/39069.html
嫦娥1-7，新版客户端同步更新,/shipin/39068.html
喜欢被填满,/shipin/39067.html
第一次喷水,/shipin/39066.html
嫂子的大黑屄经常被各种各样的鸡巴艹，屄被人家玩得又黑又大！！！有想艹她的吗？排好队轮流艹她，，，，你们会用什么办法把她艹爽？？？？？热门，热门，更新,/shipin/39065.html
《夫妻换爱》2未完待续，夫妻求约，结伴同行，激情互动，随性换爱，快乐共享。,/shipin/39064.html
睡个觉也劈腿,/shipin/39063.html
浑圆,/shipin/39062.html
被干的好舒服,/shipin/39061.html
来嘛王桃丽，操哭你的我给你讲,/shipin/39060.html
姑娘都是精品,/shipin/39059.html
小情人来袭，偷晴，,/shipin/39058.html
这种有没有人看？腐女榜上排行第一的~~,/shipin/39057.html
骚货口活还行吗,/shipin/39056.html
关注持续更新，求洞，合肥有没有美女,/shipin/39055.html
.........,/shipin/39054.html
等着被操,/shipin/39053.html
看了不点赞都是牙签,/shipin/39052.html
红❤️超过500继续发,/shipin/39051.html
第三部分，纯属娱乐，请勿实际操作,/shipin/38964.html
自卫,/shipin/38963.html
女人总想当爸爸,/shipin/38962.html
能看到里面什么样,/shipin/38961.html
这骚逼洞生了个橙子????????,/shipin/38960.html
试试能传不,/shipin/38959.html
～✘……,/shipin/38958.html
经济实惠,/shipin/38957.html
第二部分，纯属娱乐，请勿实际操作,/shipin/38956.html
射满我的骚穴,/shipin/38955.html
校园蛊惑江湖你就知道吗,/shipin/38954.html
韩国????????片，女主角很漂亮,/shipin/38953.html
能上大热门吗,/shipin/38952.html
教室偷情,/shipin/38951.html
有没有喜欢偷拍的狼友，,/shipin/38950.html
每天只能这样看了,/shipin/38949.html
续~,/shipin/38948.html
咱又回来了,/shipin/38947.html
这个美,/shipin/38946.html
骚骚的两主播,/shipin/38945.html
发这个能赚钱吗？,/shipin/38944.html
第一部分，纯属娱乐，请勿实际操作,/shipin/38943.html
求爱心❤️❤️,/shipin/38942.html
太短了,/shipin/38941.html
有这么好看吗,/shipin/38940.html
小早川怜子 一 no.11 话,/shipin/38939.html
搭讪实录 一 no.11 话 ~ 这才是第11,/shipin/38938.html
欢迎搭乘 AV 航空 no.11 话,/shipin/38937.html
店长の秘录 四 no.1,/shipin/38936.html
透明人间 一 no.9 话,/shipin/38935.html
喷奶系列二 no.7 话,/shipin/38934.html
搭讪实录 一 no.13 话,/shipin/38933.html
no.21 end,/shipin/38932.html
禁断の家族 no.11 话 !! 找到正確的片名了 SEXのハードルが異常に低い世界 11,/shipin/38931.html
深夜狠插小母狗,/shipin/38930.html
破处,/shipin/38929.html
性交学园 一 no.10 话,/shipin/38928.html
试了两次，挺牛逼的,/shipin/38927.html
請看我放尿,/shipin/38926.html
好深,/shipin/38832.html
兄弟们撸起来,/shipin/38831.html
经典鸭王,/shipin/38830.html
异地的苦,/shipin/38829.html
(๑´ڡ`๑)色,/shipin/38828.html
漂亮还不是要吃鸡巴,/shipin/38827.html
naruto,/shipin/38826.html
新人多多支持❤,/shipin/38825.html
还害羞不好意思。。,/shipin/38824.html
有澄海的美人儿吗,/shipin/38823.html
骚老婆骑我,/shipin/38822.html
还有,/shipin/38821.html
未知,/shipin/38820.html
小早川怜子 一 no.10 话,/shipin/38819.html
欢迎搭乘 AV 航空 no.10 话,/shipin/38818.html
搭讪实录 一 no.10 话,/shipin/38817.html
透明人间 一 no.8 话,/shipin/38816.html
店长の秘录 三 no.4 end,/shipin/38815.html
点赞～～～收藏～～～,/shipin/38814.html
禁断の家族 no.10 话,/shipin/38813.html
no.20 / 21,/shipin/38812.html
搭讪实录 一 no.11 话,/shipin/38811.html
200续，你们使劲点，我使劲发|ω・）,/shipin/38810.html
喷奶系列二 no.6 话,/shipin/38809.html
早上骚,/shipin/38808.html
性交学园 一 no.9 话,/shipin/38807.html
雷姆,/shipin/38806.html
先来个预告片，开开胃,/shipin/38805.html
热门走起,/shipin/38804.html
好嗨哟,/shipin/38803.html
可以怎么玩,/shipin/38692.html
这逼咋样,/shipin/38691.html
猜是什么火腿？,/shipin/38690.html
单身少妇寂寞自摸高潮,/shipin/38689.html
偷拍单身少妇看黄片自摸高潮,/shipin/38688.html
1000后续,/shipin/38687.html
人美还不是要吃鸡巴,/shipin/38686.html
国产自拍47,/shipin/38685.html
开房,/shipin/38684.html
找我,/shipin/38683.html
动来动去...,/shipin/38682.html
好的美女啊，喜欢偷拍如厕的一起讨论一下，点赞（｡ò ∀ ó｡）关注不迷路，,/shipin/38681.html
喜欢的主人点赞噢 小母狗一定会经常更新哒,/shipin/38680.html
巨能量,/shipin/38679.html
终于等到机会了，嫂子昨天喝多了。嫂子的屄得被多少人艹过这么黑？屄现在还水嘟嘟的，骚货最低被两个以上的人给艹了！老子也要把鸡巴插进她的大黑屄里，，，，不热们，不更新，，，，,/shipin/38678.html
山东英才学院，外国语宗浩。听说是个女神，在我眼里就是个B。真紧，还喜欢吃精子，喂不饱,/shipin/38677.html
国产自拍45,/shipin/38676.html
小早川怜子 一 no.9 话,/shipin/38675.html
喜欢么？想不想操？,/shipin/38674.html
欢迎搭乘 AV 航空 no.9 话,/shipin/38673.html
透明人间 一 no.7 话,/shipin/38672.html
想要更多的，点进来,/shipin/38671.html
性交学园 一 no.8 话,/shipin/38670.html
搭讪实录 一 no.9 话,/shipin/38669.html
禁断の家族 no.9 话,/shipin/38668.html
喷奶系列二 no.5 话,/shipin/38667.html
no.19 / 21,/shipin/38666.html
喜欢的请点赞，有后续哦，想不想看嫩逼，，，,/shipin/38665.html
店长の秘录 三 no.3,/shipin/38664.html
兄弟们，对不住了。只有这一个可以上传了，其它的太大了，最小的都是3分59秒的。我也很无奈啊！,/shipin/38663.html
来围观,/shipin/38662.html
重庆万州,/shipin/38661.html
老婆耍酷,/shipin/38660.html
国产第4段end,/shipin/38564.html
小便偷拍13,/shipin/38563.html
点心关注，继续更新,/shipin/38562.html
杏鲍菇？,/shipin/38561.html
老婆想让大家操烂她！一起上,/shipin/38560.html
小便偷拍15,/shipin/38559.html
捏奶子一时爽一直捏一直爽.,/shipin/38558.html
大美妞,/shipin/38557.html
真的很爽，很刺激,/shipin/38556.html
国产自拍 01,/shipin/38555.html
小便偷拍14,/shipin/38554.html
狠狠的羞辱母狗叭～～主人,/shipin/38553.html
这种方式...,/shipin/38552.html
小便偷拍12,/shipin/38551.html
操死母狗吧,/shipin/38550.html
老婆高潮了,/shipin/38549.html
国产自拍42,/shipin/38548.html
毛多啊,/shipin/38547.html
水声 18就拍片,/shipin/38546.html
喜欢方方吗？想操吗？来民权县盛世名门二期小区来找方方。,/shipin/38545.html
好喜欢被舔脚啊,/shipin/38544.html
小便偷拍16,/shipin/38543.html
猛顶她,/shipin/38542.html
阿!,/shipin/38541.html
美丽的主播3,/shipin/38540.html
..........,/shipin/38539.html
啊啊啊啊啊啊啊,/shipin/38538.html
颜射广东98年小骚逼，想看什么评论,/shipin/38537.html
女朋友想3p,/shipin/38536.html
偷情连体丝袜人妻,/shipin/38535.html
专干别人老婆,/shipin/38534.html
我还有7份这样的视频。你们自己看着办。,/shipin/38533.html
最爱黑丝高跟,/shipin/38532.html
拍拍...,/shipin/38531.html
兄弟们你们想干她吗。 想就关注我 点赞！后续还有更新哦 全是丝,/shipin/38420.html
女朋友 重庆,/shipin/38419.html
国产自拍40,/shipin/38418.html
装在内裤里的监控器  1     15秒左右正片开始 不要着急哦 求过求过,/shipin/38417.html
越来越会舔了，狼友要一起草骚逼的吱一声,/shipin/38416.html
小便偷拍7,/shipin/38415.html
郭婷 小骚货 就是胸很小,/shipin/38414.html
秀色可餐,/shipin/38413.html
这屁股够不够疯狂输出一波？,/shipin/38412.html
小便偷拍11,/shipin/38411.html
无毛粉嫩萝莉，要全集私，不过有要求哟,/shipin/38410.html
国产自拍41,/shipin/38409.html
小萝莉,/shipin/38408.html
集赞上热门 下一个也许就是你,/shipin/38407.html
兄弟们想干这小骚妞么？！喜欢的点赞。关注我 后续更新,/shipin/38406.html
小便偷拍6,/shipin/38405.html
200继~,/shipin/38404.html
小便偷拍5,/shipin/38403.html
❤️,/shipin/38402.html
精品,/shipin/38401.html
你们能看到吗,/shipin/38400.html
性感主播3,/shipin/38399.html
这个居然能在里面尿尿厉害～,/shipin/38398.html
小便偷拍9,/shipin/38397.html
年轻所以挺,/shipin/38396.html
欢迎搭乘 AV 航空 no.8 话,/shipin/38395.html
喷奶系列二 no.4 话,/shipin/38394.html
no.18,/shipin/38393.html
搭讪实录 一 no.8 话,/shipin/38392.html
补 搭讪实录 一 no.7 话,/shipin/38391.html
小便偷拍10,/shipin/38390.html
性交学园 一 no.7 话,/shipin/38389.html
禁断の家族 no.8 话,/shipin/38388.html
透明人间 一 no.6 话,/shipin/38387.html
店长の秘录 三 no.2,/shipin/38386.html
小早川怜子 一 no.8 话,/shipin/38385.html
当 当当 当,/shipin/38268.html
光光,/shipin/38267.html
续集3,/shipin/38266.html
干骚老婆的骚穴肥臀，爽的一笔,/shipin/38265.html
测速,/shipin/38264.html
广州求洞哦。,/shipin/38263.html
上热门发商场露出,/shipin/38262.html
我前女友给我发的让我撸。,/shipin/38261.html
小哥哥快来玩,/shipin/38260.html
这什么东西...有mm想吃吗？,/shipin/38259.html
续集2,/shipin/38258.html
五黑老铁八百万勇士三亿枪手助我掀起波澜,/shipin/38257.html
小母狗很喜欢凌辱，刚刚帮她自慰求着我操她 也很喜欢大家看着我操她，大家说说还有什么玩法，我一一尝试。,/shipin/38256.html
生过小孩的,/shipin/38255.html
私聊我，要美女,/shipin/38254.html
你为什么搞我阿！,/shipin/38253.html
好难找啊！,/shipin/38252.html
好久没上过50赞了难受啊,/shipin/38251.html
小姨子实在是太迷人了，忍不住，就上了1,/shipin/38250.html
网络骚妹妹,/shipin/38249.html
这是经历了什么?_?,/shipin/38248.html
店长の秘录 三 no.1,/shipin/38247.html
欢迎搭乘 AV 航空 no.7 话,/shipin/38246.html
喷奶系列二 no.3 话,/shipin/38245.html
小早川怜子 一 no.7 话,/shipin/38244.html
禁断の家族 no.7 话,/shipin/38243.html
瞄人缝,/shipin/38242.html
搭讪实录 一 no.7 话,/shipin/38241.html
性交学园 一 no.6 话,/shipin/38240.html
外表看似清纯 裙底却过于常人,/shipin/38239.html
小泽玛丽亚 一 no.19 end,/shipin/38238.html
透明人间 一 no.5 话,/shipin/38237.html
喜不喜欢？看完不点赞的小弟弟变蚯蚓,/shipin/38236.html
街射太危险，技术不到家，过两天暖和了给你们来个裙底捞,/shipin/38146.html
小便偷拍3,/shipin/38145.html
我老婆，你们羡慕吧。,/shipin/38144.html
靓不靓,/shipin/38143.html
...........,/shipin/38142.html
一个骚逼想艹吗,/shipin/38141.html
看直播的小姐姐给我的,/shipin/38140.html
好b,/shipin/38139.html
希望能火????,/shipin/38138.html
小便偷拍2,/shipin/38137.html
心痒痒,/shipin/38136.html
没人喜欢动漫？,/shipin/38135.html
小便偷拍1,/shipin/38134.html
喷水,/shipin/38133.html
店长の秘录 二 no.3,/shipin/38132.html
性交学园 一 no.5 话,/shipin/38131.html
喷奶系列二 no.2 话,/shipin/38130.html
卡染染头他虽然多特让人,/shipin/38129.html
欢迎搭乘 AV 航空 no.6 话,/shipin/38128.html
禁断の家族 no.6 话,/shipin/38127.html
透明人间 一 no.4 话,/shipin/38126.html
小早川怜子 一 no.6 话,/shipin/38125.html
小泽玛丽亚 一 no.18,/shipin/38124.html
搭讪实录 一 no.6 话,/shipin/38123.html
骚母狗很喜欢大家看我操她，知道要拍视频淫水一直在流，后面求着我操她。赞500发后续。,/shipin/38122.html
这腿可以吧,/shipin/38121.html
小帝推荐，鹈鹕,/shipin/38120.html
尿小欣一脸,/shipin/38119.html
不上热门不更新！,/shipin/38118.html
喜欢方方的多多点赞，,/shipin/38022.html
点赞，有后续,/shipin/38021.html
OK,/shipin/38020.html
鸡巴好硬，好想草,/shipin/38019.html
抖抖更健康,/shipin/38018.html
看看这大长腿,/shipin/38017.html
过66赞接着发，喜欢的点个关注,/shipin/38016.html
刷到的。。。。,/shipin/38015.html
更新来了！热门继续！,/shipin/38014.html
听到后面有精彩,/shipin/38013.html
我的两个女同学,/shipin/38012.html
够用不！！！,/shipin/38011.html
这么大的鸡巴操到方方的骚逼里面得多舒服啊！,/shipin/38010.html
想草我？,/shipin/38009.html
被征服感很足,/shipin/38008.html
找资源不容易，点个赞吧。,/shipin/38007.html
全球首发,/shipin/38006.html
点赞继续，还有很多,/shipin/38005.html
女神大尺度写真 需要的可找我,/shipin/38004.html
爽死你(ー_ー)!!,/shipin/38003.html
母狗随便玩,/shipin/38002.html
喷奶系列二 no.1话,/shipin/38001.html
禁断の家族 no.5 话,/shipin/38000.html
欢迎搭乘 AV 航空 no.5 话,/shipin/37999.html
店长の秘录 二 no.2,/shipin/37998.html
小早川怜子 一 no.5 话,/shipin/37997.html
透明人间 一 no.3 话,/shipin/37996.html
好看么,/shipin/37995.html
小泽玛丽亚 一 no.17,/shipin/37994.html
寝室被窝里偷偷喷水好刺激,/shipin/37993.html
性交学园 一 no.4 话,/shipin/37992.html
搭讪实录 一 no.5 话,/shipin/37991.html
草萝莉真的太爽了，嫩,/shipin/37990.html
EVA自慰,/shipin/37989.html
继续吃精,/shipin/37876.html
想操吗？来民权县和曹县找方方玩，方方需要哥哥的大鸡巴狠狠的插入小骚逼里。,/shipin/37875.html
崩崩崩缺货，某火线真的发不出来，我尽力了,/shipin/37874.html
呼和浩特李某,/shipin/37873.html
我女朋友，点赞续更，想看什么评论区告诉我,/shipin/37872.html
餐厅震出,/shipin/37871.html
1！,/shipin/37870.html
骚不骚？,/shipin/37869.html
只要300赞，更新更多街边nude情况真实,/shipin/37868.html
女朋友有人喜欢吗，私聊,/shipin/37867.html
喜欢什么样的可以跟我说，我来发,/shipin/37866.html
点赞继续更,/shipin/37865.html
這奶子够大吧,/shipin/37864.html
你们说了算,/shipin/37863.html
有约的吗？叫你爽歪歪,/shipin/37862.html
有后续哦，看你们表现了哦,/shipin/37861.html
再顶,/shipin/37860.html
好多水，好滑????????????,/shipin/37859.html
萝莉控，干coser,/shipin/37858.html
经典的一部，男子轮流上女主,/shipin/37857.html
楼道露出,/shipin/37856.html
喷奶系列第一部 no.23 end,/shipin/37855.html
小早川怜子 一 no.4 话,/shipin/37854.html
透明人间 一 no.2 话,/shipin/37853.html
小泽玛丽亚 一 no.16,/shipin/37852.html
店长の秘录 二 no.1,/shipin/37851.html
搭讪实录 一 no.4 话,/shipin/37850.html
欢迎搭乘 AV 航空 no.4 话,/shipin/37849.html
禁断の家族 no.4 话,/shipin/37848.html
性交学园 一 no.3 话,/shipin/37847.html
一样舒服,/shipin/37727.html
来评论！,/shipin/37726.html
姣姣,/shipin/37725.html
一直发不出去，求审核通过,/shipin/37724.html
范慧丽真的好看看你被别的男人玩弄的样子,/shipin/37723.html
露脸后入,/shipin/37722.html
啊～～～～～,/shipin/37721.html
范慧丽，我就是想你被所有男人看看你就是一条母狗,/shipin/37720.html
崩崩崩,/shipin/37719.html
无聊拍着玩。有没有美女？私我,/shipin/37718.html
好肥的逼,/shipin/37717.html
火腿肠,/shipin/37716.html
崩崩崩，试水,/shipin/37715.html
少妇的奶水,/shipin/37714.html
寂寞的我,/shipin/37713.html
骚货吃精,/shipin/37712.html
国产自拍36,/shipin/37711.html
哈哈，给老公打电话,/shipin/37710.html
路过的兄弟帮我看下我以前发的还在不在，少说有3，4页的视频，麻烦评论区告知一下我，拜谢。,/shipin/37709.html
来吧快活啊,/shipin/37708.html
想破一千,/shipin/37707.html
点赞红心跟后续～,/shipin/37706.html
西安女有嘛，无偿,/shipin/37705.html
我的情人刘梅香,/shipin/37704.html
看看全身,/shipin/37703.html
苍老师,/shipin/37702.html
汕尾市陆丰甲子范慧丽这小母狗真想让男人玩死她,/shipin/37701.html
表姐真小气，拍着拍着还生气了，真服了,/shipin/37700.html
........,/shipin/37699.html
顶我上去,/shipin/37698.html
穿越火线的发不出来。。。,/shipin/37697.html
崩坏3丽塔,/shipin/37696.html
√过过过,/shipin/37585.html
要哭了！,/shipin/37584.html
极品美女厕所自慰偷窥  1,/shipin/37583.html
湿死了,/shipin/37582.html
文安县后杜村张紫丹,/shipin/37581.html
喜欢妹妹的身材关注一下，还有很多自拍作品。可以验证,/shipin/37580.html
老铁们不给力啊 红心点起来才有动力更新啊,/shipin/37579.html
pmv,/shipin/37578.html
国产自拍30,/shipin/37577.html
挤挤,/shipin/37576.html
韩国,/shipin/37575.html
一个在上面干，一个在后面拍，骚逼直接被干翻了，水喷的满地都是。,/shipin/37574.html
上个雷姆看看情况再发，过300赞我再去找，嘿嘿！,/shipin/37573.html
日,/shipin/37572.html
能上热搜吗？喜欢的可以关注 还有很多作品 现拍的,/shipin/37571.html
点赞跟后续,/shipin/37570.html
喷奶系列第一部 no.22,/shipin/37569.html
透明人间 一 no.1 话,/shipin/37568.html
性交学园 一 no.2 话,/shipin/37567.html
小早川怜子 一 no.3 话,/shipin/37566.html
欢迎搭乘 AV 航空 no.3 话,/shipin/37565.html
搭讪实录 一 no.3 话,/shipin/37564.html
小泽玛丽亚 一 no.15,/shipin/37563.html
禁断の家族 no.3 话,/shipin/37562.html
店长の秘录一 no.3 话 end,/shipin/37561.html
这个腿prprprpr,/shipin/37442.html
国产自拍27,/shipin/37441.html
国产自拍26,/shipin/37440.html
好么,/shipin/37439.html
想撕开吗...,/shipin/37438.html
好多水,/shipin/37437.html
李娟老师,/shipin/37436.html
灌奶之后插肛，喜欢的点爱心～后续高潮喷奶～,/shipin/37435.html
昨天忘了去掉水印。。,/shipin/37434.html
国产自拍24,/shipin/37433.html
嘤嘤嘤,/shipin/37432.html
小姐姐,/shipin/37431.html
A4腰，蝴蝶B,/shipin/37430.html
一线天，粉嫩嫩????????,/shipin/37429.html
公司厕所,/shipin/37428.html
不上热门不更新！想看小姐姐拉臭臭的扣一,/shipin/37427.html
淫荡,/shipin/37426.html
易阳 疯狂摸胸 眼神高潮了,/shipin/37425.html
户外露出,/shipin/37424.html
说点什么。。。,/shipin/37423.html
你们心心念念的虫哦记得点赞哦,/shipin/37422.html
骚骚,/shipin/37421.html
骚B,/shipin/37420.html
用力 用力,/shipin/37419.html
喜欢看吗，500赞就发被艹视频,/shipin/37418.html
嗷嗷嗷,/shipin/37417.html
想要了。。。,/shipin/37416.html
华南农大,/shipin/37415.html
骚货喷水,/shipin/37414.html
真舒服~,/shipin/37413.html
一个国人作者的作品。知道你们不喜欢啊。但是吧布料结算的真的很漂亮。这个视频还是360p的但是足以看出不一样了吧。喜欢这种风格的就留言打个就喜欢吧！,/shipin/37412.html
国产自拍23,/shipin/37411.html
上次的赞不给力啊 多来点赞我就多发点,/shipin/37410.html
水水水水,/shipin/37409.html
奶大腰细屁股圆，肤白貌美大长腿,/shipin/37408.html
三体请尽快哈哈怂,/shipin/37407.html
嫩⭕️,/shipin/37406.html
你懂的。。。❤️,/shipin/37405.html
小馒头,/shipin/37404.html
白带,/shipin/37293.html
来哦来哦,/shipin/37292.html
酒瓶都比人待遇好啊,/shipin/37291.html
洋妞粉嫩嫩????????,/shipin/37290.html
喜欢点赞,/shipin/37289.html
纪念 呵呵哈呵呵老哥 我只能录下直播了,/shipin/37288.html
就是这么给力～,/shipin/37287.html
上次赞不够，超1000继续让你找到骚妍妍,/shipin/37286.html
少妇  有续集,/shipin/37285.html
不上热门不更新！小姐姐你对我笑什么啊,/shipin/37284.html
来,/shipin/37283.html
有点嗨的感觉,/shipin/37282.html
这谁顶的住啊,/shipin/37281.html
前女友这贱货让所有人看看,/shipin/37280.html
赞有续,/shipin/37279.html
特殊口味,/shipin/37278.html
路子野,/shipin/37277.html
喜欢伪娘的好少啊。。。。,/shipin/37276.html
用力顶我好吗,/shipin/37275.html
少妇  有续集   绝对好逼,/shipin/37274.html
露出很刺激的,/shipin/37273.html
尽情射吧,/shipin/37272.html
点赞上热门  给你们联系方式来操我,/shipin/37271.html
852,/shipin/37270.html
办公室自慰还不忘工作,/shipin/37269.html
不上热门不更新！再来一个！,/shipin/37268.html
热门热门热门,/shipin/37267.html
对老公没兴趣了 好喜欢两根火腿肠一起操我  有没有人啊,/shipin/37266.html
武大系花,/shipin/37265.html
喜欢的人好少啊。。。。,/shipin/37264.html
点心发做爱后续,/shipin/37263.html
这个厉害了,/shipin/37262.html
特殊爱好,/shipin/37261.html
哈了太爬啊爬拍啊,/shipin/37260.html
好多资源上传不了什么他妈鬼,/shipin/37122.html
随便动一动 湖南的小姐姐深入了解一下？,/shipin/37121.html
国产第7段,/shipin/37120.html
国产第五段,/shipin/37119.html
124,/shipin/37118.html
444,/shipin/37117.html
嗯?,/shipin/37116.html
小母狗含的什么？,/shipin/37115.html
国产第四段,/shipin/37114.html
国产自拍5,/shipin/37113.html
偷拍的 喜欢的点红心 有后续,/shipin/37112.html
红心❤️点到爆。更新下一段,/shipin/37111.html
国产第三段,/shipin/37110.html
广州李X媛,/shipin/37109.html
来了来了！现场发视频！,/shipin/37108.html
...,/shipin/37107.html
国产第二段,/shipin/37106.html
点亮红心哦 求热门,/shipin/37105.html
易阳只穿帽T 美胸撑得拉链都拉不上,/shipin/37104.html
美孕妇,/shipin/37103.html
☺☺☺,/shipin/37102.html
多星后续,/shipin/37101.html
大吗？想吃的联系我哦,/shipin/37100.html
老熟女揉刚看完，十几秒就高潮了！,/shipin/37099.html
得劲儿～,/shipin/37098.html
这是睡着了，还是怎么的？？,/shipin/37097.html
还是乖乖的小骚货   点赞接着拍啊,/shipin/37096.html
1.,/shipin/37095.html
今天发完了,/shipin/37094.html
接着上一个，女朋友水的确是多……,/shipin/37093.html
想吃吗,/shipin/37092.html
国产第一段,/shipin/37091.html
大不大嘛 了解一下才知道呢嘻嘻嘻,/shipin/37090.html
欢迎搭乘 AV 航空 no.2 话,/shipin/37089.html
喷奶系列第一部 no.21,/shipin/37088.html
no.12 话,/shipin/37087.html
店长の秘录一 no.2 话,/shipin/37086.html
小泽玛丽亚 一 no.14,/shipin/37085.html
小早川怜子 一 no.2 话,/shipin/37084.html
性交学园 一 no.1,/shipin/37083.html
搭讪实录 一 no.2 话,/shipin/37082.html
禁断の家族 no.2 话,/shipin/37081.html
干啥呢,/shipin/36970.html
老铁，上车,/shipin/36969.html
遇见真好,/shipin/36968.html
搞事情,/shipin/36967.html
有想吃的吗,/shipin/36966.html
更新了，老铁,/shipin/36965.html
你们喜欢这样的?视频只能剪好短不知道为什么      画质太高 ~ 档案就大..,/shipin/36964.html
直接私哦,/shipin/36963.html
愛音まりあ无码流出  还是粉色的,/shipin/36962.html
哼哈,/shipin/36961.html
馒头逼   太嫩的别来~不会过..,/shipin/36960.html
自拍3,/shipin/36959.html
儿子鸡巴好爽啊，操的妈妈好舒服????,/shipin/36958.html
我爱大鸡巴,/shipin/36957.html
偷拍后桌裙底,/shipin/36956.html
高画质传不了，只能传低画质，刚拍的，嘛的上面有个大姐，差点被看到，不爽,/shipin/36955.html
怎么样 嫩不嫩,/shipin/36954.html
葫芦岛台集屯的骚逼  带我去她家她家不同意,/shipin/36953.html
我谢谢大家一起来发现前面那个视频排第一   开心,/shipin/36952.html
上传不易，点赞珍惜,/shipin/36951.html
荆门有没有,/shipin/36950.html
3p奴,/shipin/36949.html
老年乐趣,/shipin/36948.html
点点小心心   今天开始分享我的所有视频,/shipin/36947.html
萝莉装喜欢吗,/shipin/36946.html
妹妹好痒,/shipin/36945.html
户外网红   爽儿,/shipin/36944.html
插肛,/shipin/36943.html
刚约的小骚货,/shipin/36942.html
帕特态度叉腿哭啥,/shipin/36941.html
十八岁 毛都没长齐呢  还是粉色的,/shipin/36940.html
不知道这边喜欢这种不,/shipin/36939.html
喷奶系列第一部 no.20,/shipin/36938.html
小早川怜子 一 no.1 话,/shipin/36937.html
店长の秘录一 no.1,/shipin/36936.html
欢迎搭乘 AV 航空 no.1 话,/shipin/36935.html
搭讪实录一 NO.1,/shipin/36934.html
小泽玛丽亚 一 no.13,/shipin/36933.html
禁断の家族 no.1 话,/shipin/36932.html
篠田步美 一 no.15 end,/shipin/36931.html
冒死,/shipin/36845.html
顶上。。。。。,/shipin/36844.html
天天都能看到她,/shipin/36843.html
没毛的,/shipin/36842.html
9999999,/shipin/36841.html
啊,/shipin/36840.html
有码但很猛2,/shipin/36839.html
好嗨????,/shipin/36838.html
有需求的私信，免费试用,/shipin/36837.html
18的妹子自摸  后续关注我,/shipin/36836.html
有码但很猛1,/shipin/36835.html
看吧,/shipin/36834.html
点赞给wx,/shipin/36833.html
好想操她的骚逼,/shipin/36832.html
水B求小哥哥内射,/shipin/36831.html
我姐,/shipin/36830.html
88888,/shipin/36829.html
第一次进女厕，街射过几次没敢拍,/shipin/36828.html
骚B抽插,/shipin/36827.html
自拍角度不好,/shipin/36826.html
19岁的黑木耳,/shipin/36825.html
喜欢就赞一个吧,/shipin/36824.html
妹妹妹妹,/shipin/36823.html
没啥,/shipin/36822.html
无码4,/shipin/36821.html
不给你们来点东西TMD还有人骂我怎么回事,/shipin/36820.html
动作慢了,/shipin/36739.html
可文爱网聊调教,/shipin/36738.html
足疗妹,/shipin/36737.html
能上热门吗？,/shipin/36736.html
神奇的衣服，这件好看吗,/shipin/36735.html
论黄瓜的重要性,/shipin/36734.html
真的,/shipin/36733.html
噜啦啦噜啦啦噜啦噜啦噜。,/shipin/36732.html
~~~~,/shipin/36731.html
哈哈，喜欢,/shipin/36730.html
~~~,/shipin/36729.html
好的好的各位变态。别着急在下有的是你们喜欢的东西^O^,/shipin/36728.html
每天更新给大家看哦,/shipin/36727.html
按摩第9,/shipin/36726.html
偷偷摸摸 露出我的奶,/shipin/36725.html
济南找逼,/shipin/36724.html
续续续,/shipin/36723.html
不要说话，就是干,/shipin/36722.html
接着操这个有味道的骚妇～太爽了,/shipin/36721.html
舒服。,/shipin/36720.html
泡温泉时认识的少妇 聊了一段时间才搞到手 骚的很 草到失禁！,/shipin/36719.html
这逼挺嫩吧,/shipin/36718.html
同学聚会好爽,/shipin/36717.html
哦人民婆热狗容易上瘾,/shipin/36716.html
按摩10,/shipin/36715.html
姐弟俩，妈妈成年在外打工不回家,/shipin/36714.html
宇宙喷,/shipin/36713.html
有钱就是好,/shipin/36712.html
emmmmm处对象吗,/shipin/36711.html
热门可以继续,/shipin/36710.html
怎么说？？？,/shipin/36709.html
大家有看到未成年影片嗎？？不要再瘋狂傳了，，違法的,/shipin/36708.html
好不好看？好你不赞？看完不赞丁丁短一半,/shipin/36707.html
可文爱，女奴化,/shipin/36636.html
上去,/shipin/36635.html
视频,/shipin/36634.html
电击小子,/shipin/36633.html
想艹这个小母狗吗,/shipin/36632.html
打了滴滴，司机在打电话，奇怪的是打完电话一直从后视镜看我，难道发现了？,/shipin/36631.html
路边奇观,/shipin/36630.html
续续,/shipin/36629.html
有感觉了,/shipin/36628.html
点点关注，继续发,/shipin/36627.html
人妻又约，里外都爽，支持原创吗？给个红心吧！,/shipin/36626.html
吃早饭露出一下，嘻嘻，面对门坐的，没被看到,/shipin/36625.html
意思一下,/shipin/36624.html
战四郎,/shipin/36623.html
嘿嘿嘿嘿嘿呦嘿,/shipin/36622.html
这个少妇活比较好????,/shipin/36621.html
少妇教儿子性爱知识,/shipin/36620.html
还是那个看鲍鱼的地方，关注者给赞啊，马上更新医生护士尿尿,/shipin/36619.html
热门后续哦⊙∀⊙！,/shipin/36618.html
好麻烦啊,/shipin/36617.html
好看吗？红心飘起来！！！,/shipin/36616.html
护士来了，极品蝴蝶阴唇。关注还有好多,/shipin/36615.html
名模,/shipin/36614.html
做个小女奴吧,/shipin/36613.html
这个真嫩,/shipin/36612.html
陌陌,/shipin/36611.html
已婚少妇,/shipin/36610.html
喷奶系列第一部 no.19,/shipin/36609.html
篠田步美 一 no.14,/shipin/36608.html
橫山美雪 一 no.12 end 不发宁陵事件视频 ~会封号的..,/shipin/36607.html
点赞鸡儿多长二十厘米,/shipin/36606.html
你们要的后续，关注热门还有,/shipin/36605.html
村上涼子 一 no.19 end   不發宁陵事件視頻 ~会封号的..,/shipin/36604.html
小泽玛丽亚 一 no.12  !!  抱歉我不发宁陵事件视频 ~别害我被封号..,/shipin/36603.html
篠田步美 一 no.13   !! 抱歉我不发宁陵事件视频 ~ 小号已经被封了...@@,/shipin/36602.html
no.10 !! 抱歉我不发宁陵事件视频 ~发未成年的是会封号的..,/shipin/36601.html
小哥哥我的奶子好痒,/shipin/36274.html
全系列,/shipin/36273.html
双洞抽插！,/shipin/36272.html
水,/shipin/36271.html
路边????,/shipin/36270.html
4P,/shipin/36269.html
寝室发骚！,/shipin/36268.html
老婆干我,/shipin/36267.html
国产,/shipin/36266.html
求飞,/shipin/36265.html
国产不就是精彩,/shipin/36264.html
护花使者大千世界,/shipin/36263.html
喝吐了透过推图,/shipin/36262.html
补 村上涼子 一 no.15,/shipin/36261.html
补 NO.6,/shipin/36260.html
补 喷奶系列第一部 no.15,/shipin/36259.html
补 小泽玛丽亚 一 no.8,/shipin/36258.html
补 NO.9,/shipin/36257.html
no.11,/shipin/36256.html
补 橫山美雪 一 no.8,/shipin/36255.html
补 NO.9 话 全 12 话,/shipin/36254.html
村上涼子 一 no.17,/shipin/36253.html
小泽玛丽亚 一 no.10,/shipin/36252.html
喷奶系列第一部 no.17,/shipin/36251.html
NO.11 话 全 12 话,/shipin/36250.html
橫山美雪 一 no.10,/shipin/36249.html
补  篠田步美 一 no.9,/shipin/36248.html
篠田步美 一 no.11,/shipin/36247.html
QAQ,/shipin/36150.html
口活舒服????????,/shipin/36149.html
cccccccccccccc,/shipin/36148.html
真高手,/shipin/36147.html
你们的支持是我更新的动力,/shipin/36146.html
思路劈腿过生日快乐,/shipin/36145.html
就喜欢这种奶子！????,/shipin/36144.html
第四集,/shipin/36143.html
严禁看片不给赞 ！ (≖_≖ ),/shipin/36142.html
女儿的小奶子,/shipin/36141.html
说点什么…,/shipin/36140.html
严禁看片不给赞呦(｀⌒´メ),/shipin/36139.html
点红心我多发,/shipin/36138.html
想干的留下联系方式,/shipin/36137.html
仔细看。,/shipin/36136.html
hahaahah,/shipin/36135.html
拍的不好,/shipin/36134.html
啊……,/shipin/36133.html
你服不服？,/shipin/36132.html
第三次还不过？,/shipin/36131.html
昨天破300了在追加一发吧,/shipin/36130.html
不知道你们喜不喜欢这种风格的。,/shipin/36129.html
严禁看片不给赞 (￢_￢),/shipin/36128.html
.................,/shipin/36127.html
多少人想干她的点赞,/shipin/36126.html
大家喜欢的欲望之岛！,/shipin/36125.html
我怎么这么好看,/shipin/36124.html
漂流瓶认识的广东少妇！爽歪歪！,/shipin/36123.html
村上涼子 一 no.16,/shipin/36122.html
no.10,/shipin/36121.html
喷奶系列第一部 no.16,/shipin/36120.html
NO.10 话  全 12 话,/shipin/36119.html
橫山美雪 一 no.9,/shipin/36118.html
小泽玛丽亚 一 no.9,/shipin/36117.html
篠田步美 一 no.10,/shipin/36116.html
๛ก(ｰ̀ωｰ́ก),/shipin/36005.html
围观喷奶,/shipin/36004.html
求哥哥内射,/shipin/36003.html
怎么不会上,/shipin/36002.html
盗视频死妈,/shipin/36001.html
紧的很,/shipin/36000.html
每天都要操一个,/shipin/35999.html
问你们我帅不帅。,/shipin/35998.html
联系方式私信我,/shipin/35997.html
希望能通过,/shipin/35996.html
✧＼ ٩(눈౪눈)و /／✧加油啊喂,/shipin/35995.html
动漫，喜欢点个赞！,/shipin/35994.html
求刺激,/shipin/35993.html
工作,/shipin/35992.html
语音调教私信我！,/shipin/35991.html
喝奶的来！,/shipin/35990.html
200，续，前面已经发了前半段,/shipin/35989.html
珍藏，不喜勿喷,/shipin/35988.html
66666666,/shipin/35987.html
?????,/shipin/35986.html
第二部，网红,/shipin/35985.html
女司机不为人知的秘密,/shipin/35984.html
不点赞不发了,/shipin/35983.html
橫山美雪 一 no.8,/shipin/35982.html
喷奶系列第一部 no.15,/shipin/35981.html
近亲系列 四 no.9 end,/shipin/35980.html
村上涼子 一 no.15,/shipin/35979.html
小泽玛丽亚 一 no.8,/shipin/35978.html
篠田步美 一 no.9,/shipin/35977.html
北条麻妃 一 no.12 end,/shipin/35976.html
﹉﹉,/shipin/35880.html
hhhh,/shipin/35879.html
~.,/shipin/35878.html
滴滴,/shipin/35877.html
标题真难取,/shipin/35876.html
这姿势不错,/shipin/35875.html
在广州的非洲黑鬼,/shipin/35874.html
200，续集~,/shipin/35873.html
删了记录删了抠图,/shipin/35872.html
第一次发～～,/shipin/35871.html
求爸爸们羞辱,/shipin/35870.html
叫爸爸就来操你，私信，非诚勿扰,/shipin/35869.html
np,/shipin/35868.html
我老婆在帮我口 嘻嘻,/shipin/35867.html
( •̅_•̅ ),/shipin/35866.html
应该可以吧,/shipin/35865.html
为什么评论区发不鸟下载链接？,/shipin/35864.html
特别紧,/shipin/35733.html
安海求棍,/shipin/35732.html
看看骚气冲天,/shipin/35731.html
为了让宝宝更加舒爽满足，特约来家里操我老婆，满足我爱女,/shipin/35730.html
小骚货发来的视频,/shipin/35729.html
大奶ㄉㄨㄞㄉㄨㄞ,/shipin/35728.html
第一次，能过吧！,/shipin/35727.html
85年的女的，草了好几年,/shipin/35726.html
牛逼……,/shipin/35725.html
等插受不了了。,/shipin/35724.html
韩国大胸1,/shipin/35723.html
有水了,/shipin/35722.html
韩国大胸3,/shipin/35721.html
点赞约小哥哥草我,/shipin/35720.html
????????????收藏的,/shipin/35719.html
激心干,/shipin/35718.html
分享美女自摸????,/shipin/35717.html
欣杨,/shipin/35716.html
红心越多，发的越多,/shipin/35715.html
我老婆的骚逼，骚货想来个兄弟一起3P她,/shipin/35714.html
给个支持,/shipin/35713.html
发这样的看看能不能发，关注另一个号雪山飞狐,/shipin/35712.html
巅峰时刻,/shipin/35711.html
233,/shipin/35710.html
粉不粉,/shipin/35709.html
教室,/shipin/35708.html
小夫妻做爱直播，骑在脸上舔逼,/shipin/35707.html
真过瘾,/shipin/35706.html
来个合集的回顾一下,/shipin/35705.html
继续发，私聊，教你怎么下！,/shipin/35704.html
四川33滴滴,/shipin/35605.html
一三战,/shipin/35604.html
只需1000颗红心，让你找到骚妍妍,/shipin/35603.html
4天没洗的鸡巴+骚逼的嘴=吞精,/shipin/35602.html
玉门功谁知道这个女的啊,/shipin/35601.html
有约的吗？小哥哥,/shipin/35600.html
胆大系列的,/shipin/35599.html
动漫4,/shipin/35598.html
有没有约的,/shipin/35597.html
天然的,/shipin/35596.html
美胸3,/shipin/35595.html
555,/shipin/35594.html
白丝萝莉高赞继续发,/shipin/35593.html
老婆这大骚屁股往上一座吸的我好爽,/shipin/35592.html
热门上后续，老铁们,/shipin/35591.html
好玩不！,/shipin/35590.html
大鸡巴爸爸们说我鸡巴小????求大鸡巴爸爸们操她,/shipin/35589.html
又来了来了,/shipin/35588.html
我就不说话了,/shipin/35587.html
成都找妹子,/shipin/35586.html
丝袜,/shipin/35585.html
300赞继续,/shipin/35584.html
动漫2,/shipin/35583.html
美胸2,/shipin/35582.html
第一次发，应该能过吧！,/shipin/35581.html
美胸1,/shipin/35580.html
喷奶系列第一部 no.14,/shipin/35579.html
近亲系列 四 no.8,/shipin/35578.html
橫山美雪 一 no.7,/shipin/35577.html
村上涼子 一 no.14,/shipin/35576.html
北条麻妃 一 no.11,/shipin/35575.html
小泽玛丽亚 一 no.7 不能看，是因为你的电信商不给连结..请自行翻墙..,/shipin/35574.html
篠田步美 一 no.8,/shipin/35573.html
日版FBB,/shipin/35462.html
洗澡,/shipin/35461.html
点赞奥，私藏,/shipin/35460.html
有许要的私信我,/shipin/35459.html
宾馆跟小姨子干炮,/shipin/35458.html
200心，续集~,/shipin/35457.html
赞，，继续,/shipin/35456.html
动漫1,/shipin/35455.html
点个赞吧哥哥！,/shipin/35454.html
简介:奶大姐姐不在家，萝莉姐姐，不甘寂寞，前面发了前半段，200心，续集~,/shipin/35453.html
点点心评价一下后续让你们想不到，要联系方式的点点心评论加私聊，我会给你们联系方式的,/shipin/35452.html
海城小姐姐约吗？,/shipin/35451.html
日本打码很重3,/shipin/35450.html
日本打码很重2,/shipin/35449.html
日本打码很重4,/shipin/35448.html
日本有的打码很重,/shipin/35447.html
来点新东西冲击大家的视野,/shipin/35446.html
捷克幻想2,/shipin/35445.html
国产多p 4,/shipin/35444.html
不好吃就不吃了？鸡巴套子事不少,/shipin/35443.html
和规范化,/shipin/35442.html
国产多p 3,/shipin/35441.html
捷克幻想1,/shipin/35440.html
喷奶系列第一部 no.13,/shipin/35439.html
近亲系列 四 no.7,/shipin/35438.html
橫山美雪 一 no.6,/shipin/35437.html
村上涼子 一 no.13,/shipin/35436.html
舒服的椅子,/shipin/35435.html
小泽玛丽亚 一 no.6,/shipin/35434.html
篠田步美 一 no.7,/shipin/35433.html
北条麻妃 一 no.10,/shipin/35432.html
好的,/shipin/35336.html
嫩吗？,/shipin/35335.html
换脸的 还有后半部分,/shipin/35334.html
自己录制的,/shipin/35333.html
杠爽,/shipin/35332.html
嗯嗯嗯嗯嗯，难受,/shipin/35331.html
嗨嗨嗨,/shipin/35330.html
骚货女友让我上传给你们看,/shipin/35329.html
国产多p 2,/shipin/35328.html
水超多，女朋友,/shipin/35327.html
这个赵丽颖P得嘿嘿嘿,/shipin/35326.html
200续~,/shipin/35325.html
日本无码6,/shipin/35324.html
????水好多,/shipin/35323.html
空姐自卫,/shipin/35322.html
☺,/shipin/35321.html
舞娘,/shipin/35320.html
国产多p 1,/shipin/35319.html
日本无码4,/shipin/35318.html
日本无码3,/shipin/35317.html
骚货就要奸死,/shipin/35316.html
日本无码2,/shipin/35315.html
日本无码5,/shipin/35314.html
日本无码1,/shipin/35313.html
嘿咻,/shipin/35312.html
誰啊?,/shipin/35311.html
刷了三台跑車換來的视频,/shipin/35310.html
村上涼子 一 no.12,/shipin/35309.html
近亲系列 四 no.6,/shipin/35308.html
橫山美雪 一 no.5,/shipin/35307.html
小泽玛丽亚 一 no.5,/shipin/35306.html
喷奶系列第一部 no.12,/shipin/35305.html
篠田步美 一 no.6,/shipin/35304.html
北条麻妃 一 no.9,/shipin/35303.html
欧美破处1,/shipin/35190.html
第三部,/shipin/35189.html
老当益壮,/shipin/35188.html
段娟娟！,/shipin/35187.html
看看这是什么逼,/shipin/35186.html
.....,/shipin/35185.html
景甜,/shipin/35184.html
如果火了有后续,/shipin/35183.html
简介:兽人帝国公主，角斗士。上次公主在花园，看到跟他徒弟的现场表演，眼前一亮，晚上，公主约他出来，吃了个饭，相谈甚欢，为一场大战，埋下种子，200续上~,/shipin/35182.html
亦菲啊,/shipin/35181.html
212事件，喷奶视频其中一段,/shipin/35180.html
200，续~,/shipin/35179.html
虎,/shipin/35178.html
不穿内内的广东少妇，逼肥水多，对白真过瘾,/shipin/35177.html
200赞继续,/shipin/35176.html
喝多了吧,/shipin/35175.html
好绝望,/shipin/35174.html
莉哥,/shipin/35173.html
情人节快乐,/shipin/35172.html
骚妇够不够骚？声音够浪,/shipin/35171.html
欢迎参观刘贺被万人插的子宫,/shipin/35170.html
喷奶系列第一部 no.11,/shipin/35169.html
近亲系列 四 no.5,/shipin/35168.html
橫山美雪 一 no.4,/shipin/35167.html
村上涼子 一 no.11,/shipin/35166.html
北条麻妃 一 no.8 片名在第一集开头,/shipin/35165.html
小泽玛丽亚 一 no.4,/shipin/35164.html
篠田步美 一 no.5,/shipin/35163.html
南通求约,/shipin/35060.html
最後了,/shipin/35059.html
小骚货，流的水真多,/shipin/35058.html
打飞机极品,/shipin/35057.html
爆操 清纯 师,/shipin/35056.html
no.19,/shipin/35055.html
上热门，看后续,/shipin/35054.html
温柔的干,/shipin/35053.html
刚洗好澡！,/shipin/35052.html
可以点个赞吗？,/shipin/35051.html
no.30,/shipin/35050.html
自慰流水,/shipin/35049.html
好好,/shipin/35048.html
承德求洞,/shipin/35047.html
红❤️走起来，骚逼求干,/shipin/35046.html
够大吗？侮辱走起,/shipin/35045.html
这笔挺好,/shipin/35044.html
双插,/shipin/35043.html
点赞，都能找个这样的女人,/shipin/35042.html
喜欢看哪个，黄，黑，粉，紫，灰,/shipin/35041.html
吃冰激凌????????????????,/shipin/35040.html
手法传授给你们,/shipin/35039.html
精品来啦,/shipin/35038.html
大奶妹啊,/shipin/35037.html
no.31,/shipin/35036.html
青岛城阳求洞,/shipin/35035.html
赞????多分享多，大家给力一点????????,/shipin/35034.html
尿急,/shipin/35033.html
喜欢我的私信,/shipin/35032.html
200心，续~,/shipin/35031.html
求过   后续更新,/shipin/35030.html
200续,/shipin/35029.html
骚气,/shipin/35028.html
小少妇继续给力，叫声好听,/shipin/35027.html
小❤❤,/shipin/34911.html
不搞,/shipin/34910.html
过不过,/shipin/34909.html
齐齐哈尔求洞。。。,/shipin/34908.html
有事秘书干，没事干秘书,/shipin/34907.html
甩一甩，更健康,/shipin/34906.html
浪货,/shipin/34905.html
第一次发！,/shipin/34904.html
日本马桶，你值得拥有~,/shipin/34903.html
爽歪歪歪,/shipin/34902.html
哗哗哗,/shipin/34901.html
更新了,/shipin/34900.html
来啊，快活啊,/shipin/34899.html
38F大奶，情人非要我传。我喜欢被凌辱，大家可使劲留言骂我！,/shipin/34898.html
好爱,/shipin/34897.html
上千赞，发下部,/shipin/34896.html
齐市求洞，无论岁数大小，无论胖瘦，是洞就可,/shipin/34895.html
骚,/shipin/34894.html
浪,/shipin/34893.html
200,/shipin/34892.html
点亮红心   明天都更新。,/shipin/34891.html
200心接着发,/shipin/34890.html
无套内射90后少妇,/shipin/34889.html
喷奶系列第一部 no.10,/shipin/34793.html
就问你大不大,/shipin/34792.html
传传传,/shipin/34791.html
波罗蜜,/shipin/34790.html
我有绿帽情节,/shipin/34789.html
点点小爱心，发续集,/shipin/34788.html
幻想乡,/shipin/34787.html
哥哥！给我点个赞再走啊。,/shipin/34786.html
点点爱心，还有后续,/shipin/34785.html
过来舔啊,/shipin/34784.html
水多吧????,/shipin/34783.html
主播福利,/shipin/34782.html
新人第一发,/shipin/34781.html
☺????,/shipin/34780.html
嘎嘎嘎嘎,/shipin/34779.html
想要联系方式么,/shipin/34778.html
来，就是干,/shipin/34777.html
有没有喜欢,/shipin/34776.html
想不想操啊,/shipin/34775.html
点赞100，接着发~,/shipin/34774.html
能不能有次热门，好想好想,/shipin/34773.html
卫生间里操老婆,/shipin/34772.html
点点爱心，谢谢,/shipin/34771.html
看片不给赞；罚你没B干。,/shipin/34770.html
父女 6,/shipin/34769.html
橫山美雪 一 no.3,/shipin/34768.html
村上涼子 一 no.10,/shipin/34767.html
00年,/shipin/34766.html
北条麻妃 一 no.7,/shipin/34765.html
爱心到200，接上~,/shipin/34764.html
小泽玛丽亚 一 no.3,/shipin/34763.html
上次没火，再来一次想要的私信我,/shipin/34762.html
篠田步美 一 no.4,/shipin/34761.html
近亲系列 四 no.4  干主持人...,/shipin/34760.html
偷听,/shipin/34649.html
大奶骚女友,/shipin/34648.html
你拍我干！,/shipin/34647.html
^_^,/shipin/34646.html
逃狱犯3,/shipin/34645.html
欠操了,/shipin/34644.html
久违的更新，因为最近在其他地方更新了，抱歉little,/shipin/34643.html
逃狱犯1,/shipin/34642.html
第157,/shipin/34641.html
过来吃奶了,/shipin/34640.html
有没有妹子约……,/shipin/34639.html
逃狱犯2,/shipin/34638.html
没了,/shipin/34637.html
扩阴,/shipin/34636.html
大家喜欢这一口吗,/shipin/34635.html
女销售为了业绩也是拼了,/shipin/34634.html
第一次传，点赞发后续,/shipin/34633.html
崩坏三,/shipin/34632.html
喜欢的点亮了,/shipin/34631.html
父女5,/shipin/34630.html
好骚的,/shipin/34629.html
橫山美雪 一 no.2,/shipin/34628.html
射一炮,/shipin/34627.html
村上涼子 一 no.9,/shipin/34626.html
北条麻妃 一 no.5,/shipin/34625.html
求个热门,/shipin/34624.html
小泽玛丽亚 一 no.2,/shipin/34623.html
篠田步美 一 no.2,/shipin/34622.html
北条麻妃 一 no.6,/shipin/34621.html
篠田步美 一 no.3,/shipin/34620.html
近亲系列 四 no.3,/shipin/34619.html
喷奶系列第一部 no.9,/shipin/34618.html
小泽玛丽亚 一 no.1,/shipin/34617.html
喜欢打她的屁股,/shipin/34616.html
.....,/shipin/34520.html
来嘛！,/shipin/34519.html
再次更新,/shipin/34518.html
摄像头？,/shipin/34517.html
干完了,/shipin/34516.html
父女4,/shipin/34515.html
现实老婆，想操的dd,/shipin/34514.html
原创点❤，看评论！,/shipin/34513.html
第二波,/shipin/34512.html
第一次发布，热门了会长期更新，谢谢支持,/shipin/34511.html
…,/shipin/34510.html
这没坐子就是不好骑啊！,/shipin/34509.html
电钻,/shipin/34508.html
过过过,/shipin/34507.html
美吗,/shipin/34506.html
北条麻妃 一 no.4,/shipin/34505.html
橫山美雪 一 no.1,/shipin/34504.html
沈阳大骚逼，点赞留联系方式,/shipin/34503.html
村上涼子 一 no.8,/shipin/34502.html
篠田步美 一 no.1,/shipin/34501.html
刺激吗？,/shipin/34500.html
广濑奈奈美 NO.6 end,/shipin/34499.html
抖啊抖,/shipin/34498.html
小泉真希 一 no. 6 end,/shipin/34497.html
喷奶系列第一部 no.8,/shipin/34496.html
身材不错，，,/shipin/34495.html
近亲系列 四 no.2,/shipin/34494.html
我爽你也爽！快约起来！,/shipin/34493.html
踏踏她,/shipin/34492.html
一定过,/shipin/34491.html
KDA本子，水视频，好久没更最近一直吞视频,/shipin/34490.html
发情,/shipin/34489.html
处女被老男人干出血,/shipin/34488.html
几个闺密合伙强上大胸美女,/shipin/34487.html
超级摔跤,/shipin/34376.html
大吗？,/shipin/34375.html
想吃就吃,/shipin/34374.html
享受这种感觉 不要有网址,/shipin/34373.html
PAPAPAAAA,/shipin/34372.html
操着真爽,/shipin/34371.html
总也忍不住,/shipin/34370.html
高潮 内射 喷精,/shipin/34369.html
山城来约,/shipin/34368.html
一只一米八的大可爱,/shipin/34367.html
父女3,/shipin/34366.html
北条麻妃 一 no.3,/shipin/34365.html
闹洞房,/shipin/34364.html
村上涼子 一 no.7,/shipin/34363.html
喷奶系列第一部 no.7,/shipin/34362.html
广濑奈奈美 NO.5,/shipin/34361.html
SEXY,/shipin/34360.html
no.17 end,/shipin/34359.html
好干不过嫂子,/shipin/34358.html
小泉真希 一 no.5,/shipin/34357.html
近亲系列 四 no.1,/shipin/34356.html
红心顶上。,/shipin/34355.html
补  广濑奈奈美 NO.4,/shipin/34354.html
马震????驾驾驾,/shipin/34353.html
cute,/shipin/34352.html
约的骚货,/shipin/34351.html
爽死,/shipin/34350.html
no.10 end,/shipin/34349.html
台湾理工的,/shipin/34348.html
挂起来干,/shipin/34347.html
好东西大家一起分享,/shipin/34171.html
小心心,/shipin/34170.html
换换口味2,/shipin/34169.html
只发精品,/shipin/34168.html
狼友门 来一发,/shipin/34167.html
黑！,/shipin/34166.html
换换口味1,/shipin/34165.html
骚呀,/shipin/34164.html
就是水多,/shipin/34163.html
水菜丽，求热门,/shipin/34162.html
0000,/shipin/34161.html
点赞上热门哦,/shipin/34160.html
石家庄求洞 私。,/shipin/34159.html
骚逼老烦我,/shipin/34158.html
母狗欠日,/shipin/34157.html
陌生网友说想看我的逼逼，看了以后说我的逼被完坏了,/shipin/34156.html
福利来一波,/shipin/34155.html
再见了,/shipin/34154.html
想找个洞洞。,/shipin/34153.html
Emmm…,/shipin/34152.html
换换口味3,/shipin/34151.html
韩国女星吞精,/shipin/34150.html
想被陌生人满足,/shipin/34149.html
有没有小哥哥刚看妹妹那里的   私我哦。不白看,/shipin/34148.html
呃呃啊,/shipin/34147.html
没地更了 开学了,/shipin/34146.html
咋见,/shipin/34145.html
点赞下集,/shipin/34144.html
看片不点赞，以后没逼干。,/shipin/34143.html
爱雅,/shipin/34020.html
第128,/shipin/34019.html
♥♥♥,/shipin/34018.html
外卖小哥太棒了,/shipin/34017.html
约P,/shipin/34016.html
老汉推车,/shipin/34015.html
sg,/shipin/34014.html
天津约洞,/shipin/34013.html
小厨娘,/shipin/34012.html
这么多人喜欢看啊 那就给你们再更新更新 送我上热门哦！,/shipin/34011.html
97年小骚货，操一下，毛短，能不能过百,/shipin/34010.html
公公共厕所干炮2,/shipin/34009.html
。。。。。。。。,/shipin/34008.html
骚屄欠操,/shipin/34007.html
炮友,/shipin/34006.html
列车员,/shipin/34005.html
我是大家的小母狗,/shipin/34004.html
逼美人骚记得点赞,/shipin/34003.html
我也没有尺度的呀,/shipin/34002.html
北条麻妃 一 no.2,/shipin/34001.html
no.9,/shipin/34000.html
村上涼子 一 no.6,/shipin/33999.html
小泉真希 一 no.4,/shipin/33998.html
Ahri,/shipin/33997.html
还不过,/shipin/33996.html
喷奶系列第一部 no.6,/shipin/33995.html
香港大学校花,/shipin/33994.html
一遍电话一边做,/shipin/33993.html
想看的 点赞,/shipin/33992.html
厕所干一波,/shipin/33991.html
外国逼,/shipin/33990.html
近亲系列 三 no.15 end,/shipin/33989.html
准备好纸巾。视频虽好，可不要撸多哦！小心虚脱！哈哈！送我上2000赞 再给你们更新,/shipin/33988.html
试衣间,/shipin/33987.html
挺腰提臀收胯,/shipin/33911.html
吊带袜天使,/shipin/33910.html
这屁股，拉出什么了,/shipin/33909.html
一定要看到最后，掉出来的东西????,/shipin/33908.html
试试看能发不？,/shipin/33907.html
东莞娟子。。,/shipin/33906.html
老公不在家，受不了了，太湿了,/shipin/33905.html
要类似资源的私聊,/shipin/33904.html
这是个没有尺度的姬,/shipin/33903.html
呸呸呸,/shipin/33902.html
会卡么？没声音,/shipin/33901.html
按摩椅,/shipin/33900.html
热门继续更新,/shipin/33899.html
遵义附近找洞,/shipin/33898.html
挺瘦,/shipin/33897.html
看的我无话可说,/shipin/33896.html
纯处女，真实自拍,/shipin/33895.html
数数几个球,/shipin/33894.html
首次,/shipin/33893.html
薇,/shipin/33892.html
长沙找洞哦,/shipin/33891.html
喷奶系列第一部 no.5 抱歉久等!!,/shipin/33890.html
老婆潮喷点❤看更多原创,/shipin/33889.html
脱肛,/shipin/33888.html
上热门就更新,/shipin/33887.html
门把手,/shipin/33886.html
唱歌,/shipin/33885.html
这才是真实的啪啪,/shipin/33884.html
The end,/shipin/33883.html
和媳妇爱爱,/shipin/33882.html
长沙找洞,/shipin/33881.html
热身,/shipin/33880.html
老婆的骚逼给我操喷了,/shipin/33879.html
近亲系列 三 no.14,/shipin/33878.html
老婆的照片想看胸吗？有什么平台可以直播给你们看,/shipin/33877.html
你们有木有后续……,/shipin/33786.html
看看我的收藏,/shipin/33785.html
来嘛,/shipin/33784.html
不知道能不能发,/shipin/33783.html
早早睡哦,/shipin/33782.html
吃咪咪了,/shipin/33781.html
屁股上有胎记4，你们要的洗澡扣屁眼的，关注，留言，真人自拍奉献给你们,/shipin/33780.html
父女2,/shipin/33779.html
纹身1,/shipin/33778.html
给我点个赞好吗,/shipin/33777.html
喜欢什么类型的？,/shipin/33776.html
....+,/shipin/33775.html
试衣间2,/shipin/33774.html
酥酥和男炮友,/shipin/33773.html
能上热门,/shipin/33772.html
二女骚屄水对射求上热门,/shipin/33771.html
美腿丝袜,/shipin/33770.html
=_=,/shipin/33769.html
好好学习，天天向上。,/shipin/33768.html
最难忘的一次手摇，爱死你了老弟,/shipin/33767.html
有想试试的吗？,/shipin/33766.html
社会姐被操，喜欢的微博搜灭贪,/shipin/33765.html
异域风情。,/shipin/33764.html
你们到底喜欢什么类型的,/shipin/33763.html
黑人鸡巴比我胳膊粗,/shipin/33762.html
全网最火AV,/shipin/33761.html
高颜值美女被艹,/shipin/33595.html
莱了莱了.¹шāяā,/shipin/33594.html
网友发的，还非得要红包,/shipin/33593.html
小女友,/shipin/33592.html
口活杠杠滴,/shipin/33591.html
呵呵哈哈哈,/shipin/33590.html
洋马,/shipin/33589.html
boboo,/shipin/33588.html
跟爸爸爱爱，叫爸爸操我,/shipin/33587.html
jj,/shipin/33586.html
琴棋书画啊,/shipin/33585.html
嫖吗,/shipin/33584.html
想要完整版私信我，有偿,/shipin/33583.html
爸爸肏我,/shipin/33582.html
希望多点小❤❤,/shipin/33581.html
beautiful lady,/shipin/33580.html
合租小姐姐的内衣  点关注有机会 拍她洗澡,/shipin/33579.html
有喜欢的吗...私聊我,/shipin/33578.html
不好，洪水来了。,/shipin/33577.html
喷泉啊，有没有小姐姐,/shipin/33576.html
爽^O^,/shipin/33575.html
♥♥,/shipin/33574.html
偷偷的,/shipin/33573.html
身材真棒,/shipin/33572.html
好吃的,/shipin/33571.html
第一次拍露脸的，鼓励一下有后续，她喜欢看评论。。,/shipin/33570.html
想上热门管理哥哥最帅,/shipin/33569.html
。。,/shipin/33568.html
嚯嚯嚯,/shipin/33567.html
精液检查，有谁能射满那一罐的请举手,/shipin/33566.html
邵娜,/shipin/33565.html
哈哈哈哈哈,/shipin/33564.html
我女朋友骚吗,/shipin/33563.html
泌阳找洞     私聊我,/shipin/33469.html
有人要吗，关注私信,/shipin/33468.html
关注我每天发新片,/shipin/33467.html
还没被干过,/shipin/33466.html
00000,/shipin/33465.html
十八岁就黑了,/shipin/33464.html
妹妹逼水多,/shipin/33463.html
边做边抢红包,/shipin/33462.html
这个第三个。抱歉啊，长的发不了啊,/shipin/33461.html
肥逼肥奶,/shipin/33460.html
过审难,/shipin/33459.html
关注。。。。后续,/shipin/33458.html
有喜欢大奶子的吗,/shipin/33457.html
喷奶高潮,/shipin/33456.html
近亲系列 三 no.13,/shipin/33455.html
谁来解救一下小姐姐,/shipin/33454.html
纹身醉酒妹,/shipin/33453.html
我爱棒棒,/shipin/33452.html
莱了莱了，感谢我的一位小伙伴,/shipin/33451.html
有没有硬？,/shipin/33450.html
我找到这个视频种子了,/shipin/33449.html
无理由,/shipin/33448.html
这个可以????,/shipin/33447.html
接上个视频，记得点赞关注,/shipin/33446.html
点赞200发下段被操的,/shipin/33445.html
售楼,/shipin/33444.html
深圳龙华有小姐姐玩么，91老司机,/shipin/33352.html
一二,/shipin/33351.html
骚逼可约,/shipin/33350.html
舒壶。。。,/shipin/33349.html
女同志6,/shipin/33348.html
不让发网站就很捞，还有以后我都不能经常更新了，还请谅解,/shipin/33347.html
第81个,/shipin/33346.html
一看就是橡胶皮套,/shipin/33345.html
人美逼更美,/shipin/33344.html
谁有这个视频的完整版，求分享~,/shipin/33343.html
招聘连云港女主小姐姐合作私,/shipin/33342.html
骚逼要吃精子,/shipin/33341.html
小姐姐们私聊啊,/shipin/33340.html
外国妹子,/shipin/33339.html
抱歉久等了  近亲系列 三 no.12,/shipin/33338.html
好爽啊，好喜欢大鸡吧,/shipin/33337.html
不给我过啊………(((ﾟДﾟДﾟДﾟ))),/shipin/33336.html
肥逼,/shipin/33335.html
国外,/shipin/33334.html
廊坊地区,/shipin/33333.html
不说了,/shipin/33332.html
昨天拿着手机直接睡着了，都忘了要说啥了。。。,/shipin/33331.html
需要网址私信,/shipin/33330.html
哈哈，没错，又是我，我又回来了，回来的第一件事就是偷拍我亲姐给你看！有的人会说了，有多亲？一个娘胎出来的。你说呢？谁骗人谁死,/shipin/33329.html
绿色真好看,/shipin/33328.html
这个没抠逼，给大家好好看看这个骚逼,/shipin/33327.html
oo,/shipin/33326.html
骚逼来啦,/shipin/33325.html
第一次发，不知道大家喜欢,/shipin/33324.html
没意思，发十几个都不让通过，再见了老铁们,/shipin/33323.html
接着上个视频，点个小红心和关注还有续集,/shipin/33322.html
来点场面热闹的，激起你们的兽欲,/shipin/33321.html
骚逼媳妇抠的淫水直流,/shipin/33320.html
骚妍妍诱惑，还想看请点赞,/shipin/33206.html
早餐奶,/shipin/33205.html
36e,/shipin/33204.html
我叫雷锋,/shipin/33203.html
想看男人射精。,/shipin/33202.html
给力！,/shipin/33201.html
抱起来干,/shipin/33200.html
嗯2019快乐,/shipin/33199.html
女神级主播,/shipin/33198.html
真正的高潮，点赞吧兄弟们,/shipin/33197.html
粉的吖,/shipin/33196.html
辦公室偷情,/shipin/33195.html
有些视频上传不了，我也没办法,/shipin/33194.html
心寒，发个视频还审核不通过，那些发幼女的竟然上热门,/shipin/33193.html
关注一下，还有后续,/shipin/33192.html
老婆的屄,/shipin/33191.html
漂亮B,/shipin/33190.html
双击超过1000发布更多视频,/shipin/33189.html
一线天,/shipin/33188.html
臭腳,/shipin/33187.html
第一次就被射嘴了,/shipin/33186.html
开学了，后面可能发的会少点，我尽力吧,/shipin/33185.html
还有续集哦,/shipin/33184.html
馒头逼,/shipin/33183.html
电脑,/shipin/33182.html
野外吃精2,/shipin/33181.html
呵呵，我有点变态了,/shipin/33180.html
媳妇的骚逼，硬了点个赞，还有后续,/shipin/33179.html
脱光了,/shipin/33178.html
死或生小合集,/shipin/33177.html
可以吗,/shipin/33176.html
最后一发,/shipin/33175.html
谢姐又野外吃鸡巴1,/shipin/33174.html
喜欢我媳妇的骚逼不,/shipin/33173.html
新人求❤️,/shipin/33064.html
我想让调教,/shipin/33063.html
上饶有MM约一下吗？,/shipin/33062.html
看看好不好,/shipin/33061.html
五百一发可以有不,/shipin/33060.html
艳母7,/shipin/33059.html
喜欢的话 点赞关注 招聘连云港女m 有意私我,/shipin/33058.html
给个赞,/shipin/33057.html
喜欢点点爱心,/shipin/33056.html
媳妇的骚逼,/shipin/33055.html
野外吃鸡,/shipin/33054.html
同事介绍的，她说她老公不在家，聊了几天主动约我……骚得很,/shipin/33053.html
上一个视频的后续不知道为什么发不了，对这类视频感兴趣,/shipin/33052.html
这身材是大家的,/shipin/33051.html
继续更新,/shipin/33050.html
真心不容易女友和闺蜜,/shipin/33049.html
点赞过千发她视频,/shipin/33048.html
最后一个,/shipin/33047.html
需求旺盛,/shipin/33046.html
小刘亦菲,/shipin/33045.html
大哥买的新衣服,/shipin/33044.html
噜噜,/shipin/33043.html
新人,/shipin/33042.html
招聘女主小姐姐合作 苏G找女m 私,/shipin/33041.html
自己家妹妹自己干,/shipin/33040.html
能行吗,/shipin/33039.html
点❤️后续！大神们！,/shipin/33038.html
喜欢这种吗,/shipin/33037.html
尽力了……,/shipin/33036.html
丰满完事了,/shipin/33035.html
还有后续,/shipin/33034.html
续集奉上  ≧ڡ≦*,/shipin/33033.html
不定时更新~~ 爱心请不要吝啬  蟹蟹~~~~ (๑•॒̀ ູ॒•́๑),/shipin/33032.html
好嗨吆,/shipin/32857.html
厕所2,/shipin/32856.html
葫芦岛的有吗？,/shipin/32855.html
老铁们喜欢吗？有没有四川的美女约私信我随时在。,/shipin/32854.html
新人求爱心了 觉得好的麻烦动动小手,/shipin/32853.html
90少妇,/shipin/32852.html
第一上传，老铁们给个红心,/shipin/32851.html
想盘的往前上一上！留个联系方式,/shipin/32850.html
说点什么好呢……,/shipin/32849.html
有交换自拍的吗？非诚勿扰。 联系,/shipin/32848.html
叫声好听的,/shipin/32847.html
求爱心！给我一点更新的动力！,/shipin/32846.html
一位绿帽大哥让我代发的，想让大家一起来看看他这老婆的骚样子，欢迎评论，我会转发给他,/shipin/32845.html
有人送我情趣内衣的话我就拿来拍视频给你看，接受任何款式,/shipin/32844.html
沈阳网红,/shipin/32843.html
第三次上传,/shipin/32842.html
好漂亮啊！,/shipin/32841.html
水多老婆第三弹下～只爱她(⑉°з°)-♡,/shipin/32840.html
迷jian系列,/shipin/32839.html
666668,/shipin/32838.html
透露一下，我在珠三角范围上学,/shipin/32837.html
我去，好大,/shipin/32836.html
白虎骚货,/shipin/32835.html
水货老婆第三弹上～爱她(⑉°з°)-♡,/shipin/32834.html
骚货肛交,/shipin/32833.html
点心关注后续,/shipin/32832.html
热门关注后续,/shipin/32831.html
关注我.给你们看下面啊,/shipin/32830.html
请支持原创,/shipin/32829.html
几年前的资源，画质不太好，还有很多，受欢迎的话就继续发。,/shipin/32828.html
我来了，点赞，关注,/shipin/32827.html
哼~,/shipin/32826.html
你们最近点❤不太给力啊,/shipin/32825.html
500心心继续,/shipin/32824.html
新收的女奴，活好就是爽,/shipin/32823.html
火了继续,/shipin/32822.html
听听她俩聊啥？,/shipin/32821.html
就看有没有赞,/shipin/32820.html
67,/shipin/32748.html
舅舅干外甥女1,/shipin/32747.html
老婆掰开小骚逼，洞洞张开想被操～,/shipin/32746.html
骚老婆来了,/shipin/32745.html
小女友的逼好多水,/shipin/32744.html
肏起来,/shipin/32743.html
骚逼要什么插才过瘾,/shipin/32742.html
男生勿扰，本人处男小奶狗一个想找小姐姐文爱，或者小妹妹，私我留扣扣我加你,/shipin/32741.html
一捅到底,/shipin/32740.html
时间长上传不了啊?好难受,/shipin/32739.html
海贼王,/shipin/32738.html
????????少女,/shipin/32737.html
好像要,/shipin/32736.html
舅舅干外甥女2,/shipin/32735.html
老熟人,/shipin/32734.html
射给妈妈,/shipin/32733.html
喜欢的点点关注,/shipin/32732.html
没想到吧！我又不要脸的回来了，丧尸类，之前加了联系方式后不回我的就算了…,/shipin/32731.html
呵呵????????,/shipin/32730.html
啥也不说了。。。,/shipin/32729.html
这个调调喜欢吗 过千心续集,/shipin/32728.html
no.5   看片不给赞 ; 罚你没逼B干,/shipin/32727.html
第一次发下试试,/shipin/32726.html
射了记得点赞,/shipin/32725.html
自慰特写，我火了吗？,/shipin/32724.html
舅舅干外甥女3,/shipin/32723.html
不点赞 怎么有动力更新呀,/shipin/32722.html
更新，全部真实自拍，只为博得关注,/shipin/32721.html
更新咯，点赞爱你们,/shipin/32720.html
后续来了 兄弟们给个面子上热门 抱拳了,/shipin/32719.html
下部分,/shipin/32718.html
渡邊美羽 二 no.4    看片不给赞 ; 罚你没逼B干,/shipin/32717.html
我的D杯谁能掌控,/shipin/32716.html
这次回来的主要目的是这个，看一下什么才是精品？上部分,/shipin/32715.html
点赞关注，持续更新  支持原创,/shipin/32609.html
延安的骚逼联系我,/shipin/32608.html
骚逼水多,/shipin/32607.html
挺漂亮的,/shipin/32606.html
yao,/shipin/32605.html
本人自拍，大二学生，求点赞求关注，长期更新哦,/shipin/32604.html
拔萝卜吃萝卜,/shipin/32603.html
点赞吧！深圳求洞,/shipin/32602.html
☺☺☺☺☺,/shipin/32601.html
可爱ớ ₃ờ,/shipin/32600.html
宝贝好想要,/shipin/32599.html
测速啥意思呀？,/shipin/32598.html
姐姐自慰,/shipin/32597.html
NTR，说真的，我是看不下去这一段，极度不适。有爱自取吧。,/shipin/32596.html
40cm假吊，插进肛内，相信我一定要看到最后，剩余20cm视频，点赞过两千，后续。,/shipin/32595.html
继续更新咯，记得关注和点赞哦,/shipin/32594.html
1......,/shipin/32593.html
凑凑,/shipin/32592.html
喜欢就好,/shipin/32591.html
自拍，本人大二学生，求关注求点赞，长期更新,/shipin/32590.html
小姨子让尿奶子上,/shipin/32589.html
楼道,/shipin/32588.html
续，关注，一下子哈，只发精品。,/shipin/32587.html
嗯，,/shipin/32586.html
好大,/shipin/32585.html
ktv,/shipin/32584.html
一起来嘛，一次20,/shipin/32583.html
狼友们要的奶子，要求不过分的都满足你们，只求一赞，别人盗视频的都几千赞，我的纯自拍还不能????，我都不玩了,/shipin/32582.html
私,/shipin/32581.html
按时更新，欢迎点赞,/shipin/32580.html
自拍，本人大二学生，长期更新，求点赞关注,/shipin/32579.html
求过呀，水印都去了，撸管必备，求点赞，有后续。,/shipin/32578.html
有没有单身少妇,/shipin/32507.html
这是高手，这个厉害了,/shipin/32506.html
重发,/shipin/32505.html
完整版私信加我QQ御藤静 护士,/shipin/32504.html
来干,/shipin/32503.html
把毛剃啦，同一个逼,/shipin/32502.html
我喜欢你快活,/shipin/32501.html
你想用什么姿势我都喜欢吃,/shipin/32500.html
能上千❤️吗？,/shipin/32499.html
一次好像不能发太大,/shipin/32498.html
孕后奶子会变黑，是正常的哦！嫌弃的可以不看,/shipin/32497.html
五号真的紧,/shipin/32496.html
管理员大哥我们一起插麻烦放行,/shipin/32495.html
