篠田步美 一 no.4 ,/shipin/34761.html
近亲系列 四 no.4  干主持人...,/shipin/34760.html
偷听,/shipin/34649.html
大奶骚女友,/shipin/34648.html
你拍我干！,/shipin/34647.html
^_^,/shipin/34646.html
逃狱犯3,/shipin/34645.html
欠操了,/shipin/34644.html
久违的更新，因为最近在其他地方更新了，抱歉little,/shipin/34643.html
逃狱犯1,/shipin/34642.html
第157,/shipin/34641.html
过来吃奶了,/shipin/34640.html
有没有妹子约……,/shipin/34639.html
逃狱犯2,/shipin/34638.html
没了,/shipin/34637.html
扩阴,/shipin/34636.html
大家喜欢这一口吗,/shipin/34635.html
女销售为了业绩也是拼了,/shipin/34634.html
第一次传，点赞发后续,/shipin/34633.html
崩坏三,/shipin/34632.html
