与最高的情人，最高的中出性交,/xiazai/42132.html
尽情地向子宫深处发泄,/xiazai/42131.html
多次中出,/xiazai/41985.html
専属女優作品,/xiazai/41984.html
制服美少女,/xiazai/41983.html
制服GALの乳首,/xiazai/41819.html
长腿车模痴女過激,/xiazai/41818.html
欲求不满护士从深夜到清晨的怒涛10发射,/xiazai/41701.html
流于欲望,/xiazai/41700.html
欲望的接吻痴女的唾液交换,/xiazai/41527.html
声音娇嫩18岁害羞的初吻,/xiazai/41526.html
沉醉于快乐之中的夫人,/xiazai/41525.html
快感得神魂颠倒,/xiazai/41357.html
赠送的非常H的场景,/xiazai/41356.html
如果请求是服从的,/xiazai/41177.html
举止温柔的骑乘位,/xiazai/41176.html
腰摆骑乘位追击中出乱交,/xiazai/41040.html
性欲旺盛美少女素人娘AV教育実習生,/xiazai/41039.html
新人18岁清纯偶像AV,/xiazai/41038.html
新奴隷捜査官.,/xiazai/40834.html
在男朋友面前乱伦,/xiazai/40833.html
它受到了威胁,/xiazai/40832.html
小恶魔制服美少女无法发出声音的状况,/xiazai/40689.html
现役女大学生！！19岁AV,/xiazai/40688.html
現役女大生色情的做愛AV初次亮相,/xiazai/40687.html
现役OL的背面打工,/xiazai/40567.html
闲暇巨乳女大学生危险日出,/xiazai/40566.html
洗脑潜入搜查官,/xiazai/40565.html
雾原一辉神山家的媳妇,/xiazai/40487.html
滑溜溜的游泳衣,/xiazai/40486.html
痛楚地爱着,/xiazai/40485.html
同居的情侣的图像篇,/xiazai/40362.html
上同一所学校的最讨厌的义弟,/xiazai/40360.html
从乡下搬到城市已经一年了,/xiazai/40359.html
天然女高中生和中出潮吹,/xiazai/40266.html
天然超巨乳贴身风俗,/xiazai/40265.html
天才新人终于降临,/xiazai/40156.html
声杀拘留中出,/xiazai/40155.html
女教师校内凌辱,/xiazai/40061.html
强制避雨,/xiazai/40060.html
即时Paco电影,/xiazai/39950.html
漂亮的外表22岁的女主人,/xiazai/39949.html
部长为了犒劳您平日里的操劳,/xiazai/39857.html
日本人喜欢的萝莉脸北欧系的绿色瞳孔然巨,/xiazai/39856.html
一个姐姐，即使在没有父母的情况下鄙视他的姐,/xiazai/39855.html
完全被睡着勃起,/xiazai/39746.html
被迫签约的美人姐姐,/xiazai/39745.html
女经理,/xiazai/39744.html
知道女友出现在AV里,/xiazai/39652.html
女演员课山内千惠22岁,/xiazai/39651.html
女教师的丰满大腿诱惑绝对领域,/xiazai/39650.html
淫荡女教师,/xiazai/39543.html
目标运动员现役女大学生,/xiazai/39542.html
敏感美少女AV女优志愿,/xiazai/39376.html
美少女的第一张精选集,/xiazai/39375.html
美少女像小恶魔一样挑衅,/xiazai/39374.html
美少女进京篇,/xiazai/39243.html
美乳的女朋友,/xiazai/39242.html
美人妻子次子媳妇,/xiazai/39241.html
美女的紧急AV,/xiazai/39088.html
饱尝美臀,/xiazai/39087.html
不满足的人妻.,/xiazai/39086.html
在六本木高级酒馆工作的姐姐S级外行出演,/xiazai/38968.html
邻居漂亮的诱惑姐姐3P,/xiazai/38967.html
邻家巨乳娘露出诱惑,/xiazai/38966.html
美丽的高个子苗条身体,/xiazai/38838.html
可爱美少女化身猫女女仆,/xiazai/38837.html
绝对纯粹中出服务香皂小姐,/xiazai/38836.html
絶対抵抗不可能,/xiazai/38695.html
绝对强奸可爱的女大学生,/xiazai/38694.html
巨乳女子大生AV,/xiazai/38693.html
一个劲地中出巨乳女朋友,/xiazai/38570.html
酒吧悄悄純粹中出的爆奶角色,/xiazai/38569.html
金发花魁美女逆3P乱交,/xiazai/38568.html
今天我被别人抱着,/xiazai/38427.html
今天直到孕育为止,/xiazai/38426.html
榎本美咲45天禁欲,/xiazai/38425.html
家里蹲在房间里,/xiazai/38299.html
肛门扩张黑木育美,/xiazai/38298.html
对订婚的男朋友秘密AV,/xiazai/38297.html
工业学校出身！超敏感A杯美少女,/xiazai/38289.html
韩流职业高尔夫选手AV出演,/xiazai/38151.html
工厂派遣打工F罩杯,/xiazai/38150.html
亲吻性交，不由自主地吞噬舌头，以便忘记丈夫,/xiazai/38026.html
已婚妇女被丈夫戴绿帽子,/xiazai/38025.html
在丈夫面前被侵犯—义弟的欲望,/xiazai/38024.html
奇迹在市中心相遇,/xiazai/37883.html
得意女子大生家庭教師,/xiazai/37881.html
多次受精除丈夫以外的精子,/xiazai/37880.html
尺寸胸针SEX优木香织,/xiazai/37737.html
催眠野蛮女孩,/xiazai/37736.html
来自AV舞台的漂亮演员,/xiazai/37735.html
超软柔体痴女一字马骑乘性交,/xiazai/37594.html
超敏感美巨乳,/xiazai/37593.html
超级敏感的阴蒂舔肮脏的暨,/xiazai/37592.html
在一家超级豪华泡泡店工作的姐姐,/xiazai/37448.html
逆转晚上给男朋友的朋友,/xiazai/37447.html
她的妹妹太爱她生的孩子了,/xiazai/37446.html
她的母亲是巨乳和中出,/xiazai/37445.html
真人女教师生只有一次的,/xiazai/37444.html
本能裸露真中出解禁,/xiazai/37303.html
爆乳医生和护士,/xiazai/37302.html
美丽的女人充满爱汁和厚厚的性感,/xiazai/37301.html
爱抚大师全员集合,/xiazai/37300.html
毛茸茸的童颜爆乳,/xiazai/37299.html
在魔术镜航班的外景拍摄中相遇,/xiazai/37126.html
金枪鱼Bussan,/xiazai/37125.html
体会到那样的你,/xiazai/37124.html
虽然很傻但是受精还是很厉害的,/xiazai/36980.html
大奶美女.,/xiazai/36979.html
坂道,/xiazai/36978.html
难以穿透的防弹女演员,/xiazai/36977.html
世界上最可爱的18岁,/xiazai/36641.html
女教師校内凌辱,/xiazai/36508.html
我討厭的慾望和秘密,/xiazai/36507.html
天生的育种精子成妹妹的未成熟射液,/xiazai/36506.html
你可以記住,/xiazai/36411.html
一個突然推著新娘的姐姐,/xiazai/36410.html
女友的大姐姐偷偷淫誘惑我,/xiazai/36409.html
女高中生中出性交課外授業,/xiazai/36284.html
女高中生的美乳很有彈性,/xiazai/36155.html
如果你能忍受偉大的技術- 生活,/xiazai/36154.html
清純的女友被男人們灌醉不斷內射的事件,/xiazai/36153.html
讓走在路上的的清純人妻素股幫男人自慰,/xiazai/36008.html
日燒黑女孩生X中出,/xiazai/36007.html
我的生活很奇怪,/xiazai/35883.html
我專屬的寵物 巨乳女教師,/xiazai/35882.html
我的妹妹全力口交悄悄性處理性活,/xiazai/35738.html
獻給最愛巨乳的巨乳星人的終極巨乳,/xiazai/35737.html
現役偶像研究生下海,/xiazai/35609.html
細長美腿,/xiazai/35468.html
新社会人OL初絶頂激烈高潮,/xiazai/35346.html
新人性感開発3本番初高潮3小時,/xiazai/35197.html
校園美 AV出道,/xiazai/35196.html
學生妹最愛背後位肏到內射,/xiazai/35064.html
學生妹租子宮給你幹,/xiazai/35063.html
當我還是學生時，他欺負了我,/xiazai/35062.html
社長秘書,/xiazai/34921.html
像女孩一樣在無辜的面孔中存在,/xiazai/34920.html
第一個系列描繪了一個淫穢的經歷,/xiazai/34919.html
學習色情刊物敗露成年女人的身體,/xiazai/34803.html
淫欲上班女郎 波多野結衣,/xiazai/34802.html
淫夢聖拳遊戲主角巨乳小魔女,/xiazai/34801.html
誘惑褲襪癡女OL,/xiazai/34653.html
有男友還誘惑吸舔的女學生,/xiazai/34652.html
慾女專屬性感情色按摩店,/xiazai/34651.html
與隔了好久的天真爛漫的堂姐妹們一起洗澡,/xiazai/34527.html
讓我們成為一個女孩,/xiazai/34526.html
治癒系巨乳害羞女孩參加AV採訪,/xiazai/34525.html
展开高水准的中出SEX,/xiazai/34380.html
最高級身材的學生妹真正內射泡泡浴,/xiazai/34379.html
最高級風俗密着性感全套服務,/xiazai/34378.html
特別Belkis性交,/xiazai/34278.html
中出精液吞精 Vol.5 湊莉久,/xiazai/34277.html
約會真實的女友,/xiazai/34276.html
巨乳新人下海拍片,/xiazai/34027.html
爆乳教師巨奶榨精指導,/xiazai/34026.html
射10次也不罷休高潮幹砲,/xiazai/34025.html
天一起吃睡幹砲高級美女泡泡浴,/xiazai/33918.html
口交愛情制服意想不到的女孩,/xiazai/33917.html
美少女.,/xiazai/33916.html
保健室老師不穿內褲指導學生性的知識,/xiazai/33796.html
白皙美體大小姐連幹三發高潮,/xiazai/33795.html
不穿內褲胸罩誘惑女教師,/xiazai/33794.html
被我癡漢的女高中生喜歡上了我,/xiazai/33689.html
殘留日曬痕跡的美女們的亂交派對,/xiazai/33688.html
純真可愛美少女AV出道,/xiazai/33687.html
純朴家出美少女ズタボロ日記,/xiazai/33605.html
處女的終於素人共同演出人生首次,/xiazai/33604.html
每天被送到父親一小段時間，持續5分鐘,/xiazai/33603.html
大學時因故沒拍片的現任女大生破處拍AV,/xiazai/33479.html
女教師屈辱的中出,/xiazai/33478.html
發掘到了一個可愛的美少女,/xiazai/33477.html
粉絲感謝祭国民偶像20人解禁,/xiazai/33359.html
從今年春天開始，我和Wie一起生活在一起,/xiazai/33358.html
和貧乳蘿莉妹的甜蜜造人生活,/xiazai/33357.html
緊身裙美臀姐姐的誘惑内射美體沙龍,/xiazai/33216.html
結婚間近美人OL,/xiazai/33215.html
極品清純學生妹特輯,/xiazai/33214.html
緊身裙女教師,/xiazai/33074.html
絶対的美少女,/xiazai/33073.html
絶頂的火辣肉體,/xiazai/33072.html
來到東京初日就拼命努力的新人泡泡浴女郎,/xiazai/32968.html
口交女高中生 榮川乃亞,/xiazai/32967.html
可爱的美屁股,/xiazai/32966.html
咖啡店打工的女大學生帶回家來一發,/xiazai/32886.html
美脚 美腿皇后,/xiazai/32885.html
乳房妹妹的J杯誘惑,/xiazai/32884.html
美少女 Revolution,/xiazai/32752.html
美人女教師 恥辱の家庭訪問 清本玲奈,/xiazai/32751.html
美巨乳女醫篇,/xiazai/32750.html
美少女用微乳和白虎小穴侍奉的快感按摩店,/xiazai/32619.html
美少女心跳服侍泡泡浴初體驗,/xiazai/32618.html
漂亮的女孩擠壓精子到極限,/xiazai/32512.html
朋友們穿著男孩制服亂搞,/xiazai/32511.html
與男性進行性活動,/xiazai/32510.html
在OL的實時出現的工作,/xiazai/32399.html
奶人妻的偷情對象就是你,/xiazai/32398.html
巨乳櫻空桃好像要融化的甜蜜誘惑,/xiazai/32397.html
升級女兒和女兒升級,/xiazai/32298.html
她的愛好是imadoki女孩,/xiazai/32297.html
我繼續在你面前性交,/xiazai/32296.html
任何人都可以享受歡迎的米飯,/xiazai/32295.html
大巴掌出色誘人的屁股酒吧小姐,/xiazai/32183.html
一個大山雀女朋友受傷了,/xiazai/32182.html
女同性戀BEST,/xiazai/32181.html
導演剪版特長版,/xiazai/32180.html
胸圍100厘米製服接待員,/xiazai/32179.html
蜂窩微笑是天使,/xiazai/32178.html
兒童保育難以在成為戰鬥後第一次體驗,/xiazai/32076.html
我無法逃避快樂,/xiazai/32075.html
不可能拍攝,/xiazai/32074.html
我是大學三年級學生,/xiazai/32073.html
聲望獨家女演員,/xiazai/32072.html
被教導的女教師,/xiazai/32071.html
感覺就像雙重痙攣,/xiazai/32070.html
令人愉快的連續射門進攻樂趣,/xiazai/31951.html
中出美少女,/xiazai/31950.html
我們的徐娘半老核桃,/xiazai/31949.html
愛的長襪女學生,/xiazai/31948.html
爆乳黑GAL辣妹海滩中出做爱,/xiazai/31947.html
爆奶曬黑NTR亂交男人全體私通的我,/xiazai/31946.html
包下溫泉和美少女肏翻天,/xiazai/31945.html
爆乳女子校生入院中肉棒治疗,/xiazai/31836.html
爆乳女保险业务员的不要脸业务,/xiazai/31835.html
爆乳家庭教師高级铂金授业,/xiazai/31834.html
爆乳家庭教師的H恶作剧,/xiazai/31833.html
巨乳妻全社員寝取,/xiazai/31832.html
乳砲天國射精的山谷鈴木愛花,/xiazai/31831.html
比裸體害羞的極小游泳衣模型,/xiazai/31830.html
本性露出慾望1對1極限,/xiazai/31698.html
捕捉了今天女大学生的不道德生态,/xiazai/31697.html
感覺直立的乳頭比陰蒂更多,/xiazai/31696.html
不能發出聲音,/xiazai/31569.html
不舉男也硬榨精癡女妻赤城碧,/xiazai/31568.html
超級牛奶凹印偶像橫衝直撞,/xiazai/31567.html
超級漂亮的教練和兩個人,/xiazai/31454.html
超S級素人美少女敏感身体欲望全开,/xiazai/31453.html
超S級美少女拜访素人宅男家,/xiazai/31452.html
痴漢制服美少女,/xiazai/31354.html
我不會說,/xiazai/31353.html
十九歲美女的決心,/xiazai/31352.html
纯洁白衣护士被患者无声强制诱奸,/xiazai/31223.html
大阪的高大美女,/xiazai/31222.html
挫敗女學生悄悄孩子製作,/xiazai/31221.html
成為退休人員,/xiazai/31150.html
抱著他哥哥的妻子,/xiazai/31149.html
对爆乳女老师的H恶作剧,/xiazai/31148.html
東北F罩杯豐滿巨乳妻絕頂檔案美月,/xiazai/31039.html
發掘亞洲美少女認真的SEX美少女,/xiazai/31038.html
發掘名古屋可愛的巨乳美少女,/xiazai/31037.html
發掘美貌的制服咖啡女店員,/xiazai/30938.html
工作女人的艷麗穿著衣服,/xiazai/30937.html
刚入职女大学生被老板同事强干,/xiazai/30936.html
改變SODstar Momoka Kato AV Devi,/xiazai/30811.html
甚至不知道任何事情的Ubu女孩聚在一起,/xiazai/30810.html
毫無演技1對1,/xiazai/30809.html
和業務合作夥伴的員工竊取的故事,/xiazai/30701.html
換穿泳裝讓按摩棒刺激到絕頂,/xiazai/30700.html
提供一流的服務,/xiazai/30699.html
極好護衛,/xiazai/30586.html
興奮的色情美女,/xiazai/30585.html
假攝影會被私通性愛的夫婦,/xiazai/30584.html
寄宿的遺孀美麗成熟女人的誘惑,/xiazai/30111.html
姐姐钻进了我的被子,/xiazai/30110.html
姐姐的口交舔穴性教育,/xiazai/30109.html
街角拍攝,/xiazai/29901.html
僅限此片無套中出,/xiazai/29900.html
巨大的欽族內心體驗,/xiazai/29899.html
有針對性的活躍女演員,/xiazai/29798.html
超高速乘騎位就可以讓你內射,/xiazai/29797.html
擁有精緻的BODY魅力,/xiazai/29796.html
絶対美少女透明上衣吊带丝袜诱惑,/xiazai/29679.html
絶対的美少女浓厚性交,/xiazai/29678.html
快感FUCK,/xiazai/29677.html
可爱全裸家政婦,/xiazai/29577.html
可爱南国少女,/xiazai/29576.html
旅館的失誤只能和巨乳女上司同房間,/xiazai/29575.html
落下圈套的傑出人物搜查官,/xiazai/29466.html
美女的性愛幻想,/xiazai/29465.html
美女不介意孩子摩擦巨乳,/xiazai/29464.html
美巨乳痴女,/xiazai/29356.html
妹妹因為男友雞雞小欲求不滿就找我來滿足,/xiazai/29355.html
美艷熟女豐滿的競賽泳裝羞恥的濕透肉彈,/xiazai/29354.html
美腿丝袜女子社員性感挑逗,/xiazai/29236.html
美少女放尿,/xiazai/29235.html
著名體育學院的長途,/xiazai/29234.html
母親的好朋友,/xiazai/29147.html
在著名的百貨商店擔任接待員,/xiazai/29146.html
母亲的美乳朋友来家里诱惑儿子,/xiazai/29033.html
女神降臨,/xiazai/29032.html
女囚刑務所潮吹乱交,/xiazai/29031.html
濃密性交,/xiazai/28933.html
漂亮女友背德做爱中出,/xiazai/28932.html
漂亮18岁小美女穿薄纱内衣做爱,/xiazai/28931.html
我們的性加工寵物,/xiazai/28819.html
巨乳少女笑颜迷人,/xiazai/28818.html
奇跡巨乳,/xiazai/28817.html
相機緊密接觸軌跡直到普通女孩成為AV女演員,/xiazai/28712.html
清純女学生強制中出,/xiazai/28711.html
清纯翘乳美女密室連続絶頂乱交,/xiazai/28710.html
清纯美少女家政性处理服务,/xiazai/28579.html
全身性感帯人妻濃厚性戯,/xiazai/28578.html
全裸幫忙家事服務,/xiazai/28577.html
檢查你的胯部並抓住它,/xiazai/28468.html
懷孕的每月禁慾生活,/xiazai/28467.html
幸運的色情突然襲擊在日常生活中,/xiazai/28343.html
柔肌色香溢出日服少女高级援交侍奉,/xiazai/28342.html
美麗的女孩,/xiazai/28341.html
美巨乳痴女比基尼着衣満載登场,/xiazai/28247.html
原始生產新聞節目,/xiazai/28246.html
神秘的現役人妻痙攣絕頂暴風雨追擊性交,/xiazai/28112.html
社長爆乳日記,/xiazai/28111.html
濕透攝影精油按摩的師徒關係,/xiazai/28110.html
我會把它給出來,/xiazai/28002.html
穿著制服貼在裸露的皮膚上,/xiazai/28001.html
我只有大山雀總是看色情線,/xiazai/28000.html
精湛的授權,/xiazai/27890.html
天使美少女無邪気な接吻乱交,/xiazai/27889.html
体育会系美少女AV出道,/xiazai/27888.html
体育部女子高生骑乘侍奉,/xiazai/27791.html
台湾旅行時,/xiazai/27790.html
半場的地下偶像,/xiazai/27789.html
他是一名学生和制药公司的受薪男子,/xiazai/27657.html
我的妻子在我的水療中心,/xiazai/27656.html
微醺幹砲天海翼,/xiazai/27655.html
唾液覆蓋著,/xiazai/27557.html
無胸罩誘惑我的色情巨乳夫人,/xiazai/27556.html
無垢巨乳愛好家垂涎指,/xiazai/27555.html
著名的私人女孩,/xiazai/27442.html
想舔丈夫學生勃起肉棒成癮人妻,/xiazai/27441.html
現役女子大生梦幻憧憬同棲生活24時間,/xiazai/27440.html
名門女子大生,/xiazai/27323.html
性感寫真偶像前田優希出租,/xiazai/27322.html
性感乳腺媚藥按摩優月真里奈,/xiazai/27199.html
新人美女自慰后入式,/xiazai/27198.html
白色美麗的乳房,/xiazai/27197.html
嚐到一年的愉快的感覺,/xiazai/27087.html
一件無領長袖緊身衣把人妻變成女人,/xiazai/27086.html
私立女子校生中毒淫乱女,/xiazai/27085.html
歷史上最壞的恥辱,/xiazai/26948.html
怪怪的小惡魔女人,/xiazai/26947.html
美少女快感时刻,/xiazai/26946.html
美乳少女梦幻骑乘制服侍奉,/xiazai/26845.html
美乳少妇騎乗位快楽貪欲,/xiazai/26844.html
國際女子學校,/xiazai/26843.html
制服学妹教室大乱交,/xiazai/26727.html
制服美女17胸圍100厘米校服為接待員,/xiazai/26726.html
中年男美少女二人出会,/xiazai/26725.html
中出淫交,/xiazai/26626.html
愛與姐姐的bracon舒適生活,/xiazai/26625.html
淫穢的誘惑,/xiazai/26624.html
角色扮演,/xiazai/26507.html
美女淫亂,/xiazai/26506.html
专属女仆少女的甜蜜口交享受快感射精,/xiazai/26503.html
學園裡最可愛的學生委員長是個非常色情的中出美少女,/xiazai/26386.html
因为喜欢性爱而前来的少女有着模特儿般的身材,/xiazai/26385.html
因为女儿已经看到了整个故事已经自慰,/xiazai/26384.html
淫亂狂搖的不穿內褲巨臀痴女西野翔,/xiazai/26284.html
淫乱人妻的不倫旅行,/xiazai/26283.html
淫尻护士種搾患者性処理中出,/xiazai/26282.html
诱惑男人的小美女5人中出,/xiazai/26188.html
有着罗莉气息的梨央奈角色扮演成女高中生,/xiazai/26187.html
與誘惑的姐姐七上八下中出做,/xiazai/26039.html
诱奸发情美巨乳少妇,/xiazai/26038.html
在某種層面上整個全裸,/xiazai/25938.html
原某著名歌手伴舞者,/xiazai/25937.html
黑发纯情女高生性生活衝撃作,/xiazai/25819.html
高级妹妹的友好的手指碰到我的秘密,/xiazai/25818.html
高級公寓新的管理員來寒暄,/xiazai/25817.html
風俗嬢巨乳騎乗位中出,/xiazai/25816.html
風俗性感3時間,/xiazai/25696.html
銀河級美少女,/xiazai/25695.html
金髪洋妞女子高生被电车痴漢日本人中出,/xiazai/25694.html
酒窝可爱的新人女优口爆性爱,/xiazai/25693.html
邻居的女儿的妻子,/xiazai/25692.html
過度家庭教師,/xiazai/25550.html
軟Q啦啦隊正妹下海拍片,/xiazai/25549.html
超敏感乳首OL美女痙攣腰振高潮,/xiazai/25548.html
超可愛白衣天使的肉体看护,/xiazai/25547.html
豊満優介護無防備,/xiazai/25546.html
謊言的企劃欺騙女優激烈SEX中出,/xiazai/25421.html
被肉欲盯上的街头美少女店员,/xiazai/25420.html
被漂亮儿媳的肉体吸引的岳父,/xiazai/25419.html
草食系男子和肉食系女子逆私通性愛,/xiazai/25418.html
與G罩杯女學生的學園性活,/xiazai/25417.html
肉感美腿過膝襪美少女美谷朱里,/xiazai/25304.html
职业女性的裤子套装在我面前破了,/xiazai/25303.html
美巨乳泳裝,/xiazai/25302.html
美少女性爱搭讪SEX隠撮,/xiazai/25301.html
美女治疗师的甜美诱惑,/xiazai/25300.html
美大生巨乳娘 北川こ,/xiazai/25138.html
美体綺麗少女敏感体位交尾,/xiazai/25137.html
美人護士,/xiazai/25136.html
美人秘書,/xiazai/25135.html
美人女教師 恥辱家庭訪問 澁谷果歩,/xiazai/25134.html
美乳搜查官集体被强奸,/xiazai/25016.html
美乳大学生腰を振騎乗位挿入,/xiazai/25015.html
纯情女高生被干爹每日调教,/xiazai/25014.html
總是看見女子高中生的裙子,/xiazai/25013.html
絶望,/xiazai/25012.html
絶倫肉棒,/xiazai/24884.html
絕對的美少女借出,/xiazai/24883.html
結婚姉妹,/xiazai/24882.html
素朴美乳美少女好色表情興奮,/xiazai/24881.html
純白巨乳美學者人妻初次亮相,/xiazai/24880.html
純潔的妻子亮出恥辱界限系列,/xiazai/24780.html
純天然黑川紗里奈汁,/xiazai/24779.html
篠宮愛梨 26歳 家庭教師,/xiazai/24778.html
競技10年黄金肉體,/xiazai/24777.html
阿部栞菜 霧島,/xiazai/24706.html
絶頂性交,/xiazai/24705.html
禁断看護 若菜奈央,/xiazai/24704.html
眼鏡OL職場淫亂真面目,/xiazai/24703.html
看護士人妻院内研修乱交編,/xiazai/24603.html
白衣堕天使,/xiazai/24602.html
白瀬無理,/xiazai/24601.html
發現美人老師欲求不満巨乳老師,/xiazai/24600.html
痴女子女子校生 森苺莉,/xiazai/24489.html
用去所有騎乗位技術,/xiazai/24488.html
生中出巨乳制服美少女 Vol．002,/xiazai/24487.html
現役美巨乳女子大生絶叫失神交尾,/xiazai/24486.html
現役女子大生2,/xiazai/24375.html
現役女子大生小栗19歳,/xiazai/24374.html
現役介護士,/xiazai/24373.html
現役G罩杯初次亮相護士身姿治療,/xiazai/24372.html
独占素人系列美少女軟派初撮,/xiazai/24261.html
牙科护士少女羞耻失禁高潮,/xiazai/24260.html
熱帯夜,/xiazai/24259.html
為青少年的性教育示範,/xiazai/24258.html
濃厚中出  波多野結衣,/xiazai/24165.html
漂亮电眼美女在嘴里吸着肉棒,/xiazai/24164.html
温泉旅館2,/xiazai/24163.html
清純派美少女胸揉敏感攻撃,/xiazai/24162.html
清楚系女子大生,/xiazai/24161.html
淫語挑逗到理性崩壞,/xiazai/24053.html
淫荡学园女子校生性爱文化祭,/xiazai/24052.html
本物中出解禁,/xiazai/23917.html
气质美少女猫目可愛表情,/xiazai/23916.html
比基尼泳装着衣极上少妇敏感濃厚SEX,/xiazai/23915.html
歯科衛生士,/xiazai/23814.html
痴女2,/xiazai/23812.html
最爱骑学生女教师桐谷奈绪,/xiazai/23811.html
最佳人气巨乳嬢極上勃起SEX,/xiazai/23679.html
時間無限制發射無限制超高級中出肥皂,/xiazai/23678.html
日本全国,/xiazai/23677.html
日本一美肌女子大生,/xiazai/23568.html
新奴隷捜査官4,/xiazai/23567.html
新入职女职员被上司强奸,/xiazai/23566.html
搜查官墜入快感深淵初川南,/xiazai/23462.html
拍人妻檔案矢島優衣,/xiazai/23461.html
抱渾身是汗汁全力服務,/xiazai/23460.html
成年玩具的上門推銷,/xiazai/23333.html
憧憬的女孩子本地敗露的弱點,/xiazai/23332.html
情趣丝袜的桃尻美女,/xiazai/23331.html
天才M女,/xiazai/23259.html
性感誘惑情趣內衣身姿連続絶頂,/xiazai/23258.html
性愛天才巨乳風俗妹下海拍片由香,/xiazai/23257.html
意外,/xiazai/23182.html
彼女姉巨乳中出誘惑,/xiazai/23181.html
巨乳中出,/xiazai/23180.html
引起性欲关西商社食系的男人,/xiazai/23123.html
年轻漂亮的妻子被丈夫的上司强奸,/xiazai/23122.html
巨尻誘惑女教師,/xiazai/23121.html
巨乳3,/xiazai/23025.html
巨乳若妻,/xiazai/23024.html
巨乳愛妻在公司喝醉被中出,/xiazai/23023.html
巨乳妻 性感覚醒,/xiazai/22927.html
巨乳女教師誘惑 美国沙耶,/xiazai/22926.html
巨乳偶像超敏感濃縮調教真白湖子,/xiazai/22925.html
工作中的痴女系大姊姊,/xiazai/22871.html
居酒屋打工女大學生超愛自慰做愛全記録,/xiazai/22870.html
就職活動女子大生生中出面接 Vol．002,/xiazai/22869.html
少女軟派,/xiazai/22773.html
完美风格的女孩犯M,/xiazai/22772.html
完美肉體,/xiazai/22771.html
學生時代的情敵與青春最後的一日約會,/xiazai/22770.html
女装美少年,/xiazai/22614.html
女职员超耻辱整人国王游戏大乱交,/xiazai/22613.html
完全童貞,/xiazai/22611.html
女性専用露天風呂,/xiazai/22470.html
女子大生2,/xiazai/22469.html
女大学生可爱娇喘渴望被挿入,/xiazai/22468.html
女友的美巨乳姐姐誘惑我中出,/xiazai/22440.html
奢华美女TV,/xiazai/22439.html
天空水边美空青木,/xiazai/22438.html
大量潮吹護校學生,/xiazai/22437.html
大学経済学部2年何度,/xiazai/22246.html
大姨子突然來家搾乾我若菜奈央,/xiazai/22245.html
堕生徒会長 M刻印,/xiazai/22244.html
在澀谷路上可愛素人娘泡妞,/xiazai/22243.html
国民美少女偶像选拔温泉旅行大乱交中出,/xiazai/22086.html
噂神待見け超美乳,/xiazai/22084.html
歳性感開発4本番,/xiazai/22082.html
名門美女大学生緊張AV出演,/xiazai/22079.html
合法的公然,/xiazai/21956.html
可爱童颜巨乳女高生与黑人的压迫性SEX,/xiazai/21955.html
可爱女高生体育室内淫乱3P乱交,/xiazai/21954.html
寝取顔,/xiazai/21907.html
半夜發燒妻被診所醫生插菊花小野寺梨紗,/xiazai/21906.html
制服少女三角関係,/xiazai/21905.html
制服女子校生騎乗位興奮援交,/xiazai/21727.html
全身性感帯巨乳美少女従順な性奴隷,/xiazai/21726.html
充滿汗的體育服性愛,/xiazai/21725.html
僕彼女,/xiazai/21667.html
僕可愛,/xiazai/21666.html
美人2,/xiazai/21665.html
社会人性交,/xiazai/21664.html
制服OL熟女美脚,/xiazai/21593.html
佐倉絆,/xiazai/21592.html
以前的妻子,/xiazai/21591.html
営業成績,/xiazai/21590.html
交友APP好色女大生下海拍片,/xiazai/21589.html
二次元美少女cosplay乱交,/xiazai/21398.html
乳暈超讚女大生下海拍片初次絕頂,/xiazai/21397.html
丝袜美腿女教师帮我口交做爱,/xiazai/21396.html
丝袜美腿制服美女踩着我的肉棒,/xiazai/21322.html
丝袜巨臀治疗师的性爱日志,/xiazai/21321.html
丝袜女教師在教师被凌辱,/xiazai/21320.html
上原亚衣被禁断的近亲通奸,/xiazai/21210.html
一流体育大学併設,/xiazai/21209.html
OL,/xiazai/21208.html
部屋女連男,/xiazai/21085.html
完全内射,/xiazai/21084.html
笑顔天使,/xiazai/21083.html
新人AV女優,/xiazai/20878.html
7周年記念,/xiazai/20877.html
10周年企画,/xiazai/20876.html
教師,/xiazai/20710.html
4時間AV女優,/xiazai/20709.html
爆乳G,/xiazai/20708.html
居座,/xiazai/20660.html
制服美人,/xiazai/20659.html
上原亚衣,/xiazai/20658.html
丝袜美腿女教师,/xiazai/20534.html
定時制学校,/xiazai/20533.html
着衣,/xiazai/20474.html
SSS級妖艶美女顔射欲望全開,/xiazai/20473.html
SOD女子社員最年少宣伝部,/xiazai/20332.html
MAXな浮かれ巨乳をGET,/xiazai/20331.html
近親相姦生活,/xiazai/20245.html
女子大生,/xiazai/20244.html
非常蘿莉塔美少女素人與叔叔純粹交尾,/xiazai/19636.html
隔壁的美女人妻實在太淫蕩,/xiazai/19635.html
隔了7年時感到射精的快樂2天,/xiazai/19634.html
都会美人姉妹5人,/xiazai/19504.html
逗留3天一起寢食超高級角色美女肥皂,/xiazai/19503.html
进攻av初次登场,/xiazai/19502.html
跟巨乳姐姐淫亂做愛,/xiazai/19347.html
超美少女真實處女喪失緒方蓮,/xiazai/19346.html
賞金100萬日元爭奪情侶遊戲,/xiazai/19223.html
護理系正妹學姐找學弟研究勃起,/xiazai/19222.html
誘惑按摩佐佐波綾,/xiazai/19118.html
解放感MAX,/xiazai/19117.html
見異思遷委託身體性的快感,/xiazai/18963.html
褐色震撼力BODY體感,/xiazai/18962.html
裸體的舞蹈講師,/xiazai/18819.html
處女喪失提拔新任教師,/xiazai/18818.html
色情狂願望的變態女人教師AV女優葵,/xiazai/18725.html
與親妹妹一起進行性愛溫泉之旅長谷川滴,/xiazai/18724.html
與情理的姐姐互相約定一邊害臊一邊也打樁活塞做愛,/xiazai/18613.html
自信喪失,/xiazai/18612.html
肉慾疾病淫亂護士,/xiazai/18273.html
美腿絲襪女王,/xiazai/18272.html
美巨乳人妻的陶醉肉体服务,/xiazai/18184.html
美尻OL訪問営業羞恥SEX,/xiazai/18183.html
美學者超過預想用超短裙跟歐派對應,/xiazai/18062.html
美女們賞金100萬日元沾滿全身的粘液色情懲罰遊戲,/xiazai/18061.html
絲襪世界辰巳優衣,/xiazai/17952.html
絕對秘密的甜美幹砲,/xiazai/17951.html
絕對明顯的野戰場地SEX,/xiazai/17866.html
索賠處理公司女社長土下座身體解決法,/xiazai/17865.html
素人美女2,/xiazai/17685.html
素人美女,/xiazai/17684.html
突然押な,/xiazai/17615.html
突擊海灘辣妹星美的中出做愛,/xiazai/17614.html
穿著運動短褲全然不害羞到達青春,/xiazai/17487.html
究极美臀美脚欲女黑丝诱惑抖腰,/xiazai/17486.html
社區不動産屋,/xiazai/17366.html
瞄準神奈川縣海水浴場比基尼美女的春藥美容院,/xiazai/17365.html
真實的看護義工學生,/xiazai/17280.html
真實人妻,/xiazai/17279.html
白瀬,/xiazai/17187.html
白天營業微笑夜晚淫蕩奸笑房地產商營業員的SEX情況,/xiazai/17186.html
上原,/xiazai/16961.html
由菜奉仕,/xiazai/16960.html
巨乳制服美少女,/xiazai/16752.html
現役看護人,/xiazai/16751.html
現役保母滿足男人性慾,/xiazai/16548.html
現役水原乃亜,/xiazai/16547.html
狹窄的密室性愛他人之妻女醫師和患者,/xiazai/16451.html
特別淫蕩可愛的家庭教師,/xiazai/16450.html
爆奶鞭子女僕巨根黑人和肉彈SEX,/xiazai/16346.html
無意識曝光的沒穿胸罩巨乳妻總是讓人興奮不已,/xiazai/16345.html
禁止全開,/xiazai/16255.html
神乳大痙攣3本番,/xiazai/16254.html
無意識誘惑,/xiazai/16253.html
為了公司營業成績私下提供特別服務的巨乳女職員,/xiazai/16252.html
為丈夫秘密30歲的白豐滿妻子,/xiazai/16093.html
濡透巨乳,/xiazai/16092.html
漂亮的保育員和善地誘惑不道德,/xiazai/10347.html
滿足弟弟妄想的大嫂,/xiazai/10346.html
满足度的天然美少女,/xiazai/10345.html
淫亂的黑髮美少女鯨魚噴水,/xiazai/10340.html
淫亂大會前的禁慾馬拉松美女中出,/xiazai/10338.html
淫乱老師,/xiazai/10337.html
治癒的巨乳老師大空花音,/xiazai/10336.html
母親裸体勃起,/xiazai/10329.html
每次去朋友家裡都被朋友的媽媽偷幹的我牧原玲子,/xiazai/10328.html
欺騙做愛,/xiazai/10326.html
極上射精,/xiazai/10323.html
桐冈皐月桐冈,/xiazai/10319.html
校园泳装性爱青山菜菜,/xiazai/10317.html
某大學醫院的現役護士初次亮相首次鯨魚噴水,/xiazai/10314.html
来去温泉干炮吧,/xiazai/10311.html
本屋男子学生,/xiazai/10310.html
最高的技術員登場,/xiazai/10309.html
日常遊戲社長秘書彩香,/xiazai/10306.html
新放課後美少女回春1,/xiazai/10305.html
日常遊戲巨乳OL有澤理沙,/xiazai/10304.html
新奴隷捜査官,/xiazai/10302.html
新任女教師振動調教,/xiazai/10301.html
新人透明肌超敏感妃宮侑里,/xiazai/10300.html
新人由愛可奈,/xiazai/10299.html
放課後美少女回春爆乳發射,/xiazai/10297.html
搞錯成人商店進入的姐姐,/xiazai/10296.html
駆射精,/xiazai/10295.html
我的身体虚弱无力高中生,/xiazai/10294.html
性電影可爱少女童貞男,/xiazai/10293.html
性感诱惑的漂亮姐姐,/xiazai/10292.html
性感美熟女的肉棒大战,/xiazai/10291.html
性感的學生會會長,/xiazai/10290.html
徹底激爆活塞運動,/xiazai/10286.html
女僕,/xiazai/10285.html
強行綑綁傲慢美女社長緒川凛調教中出,/xiazai/10283.html
巨乳衣服被化妝水潑撒沒穿胸罩的樣子跑出來,/xiazai/10282.html
肉棒sexol,/xiazai/10280.html
已經沒有俗俗的鄉音了,/xiazai/10279.html
巨乳好姊妹系列,/xiazai/10277.html
巨乳好店長,/xiazai/10270.html
巨乳捜査官,/xiazai/10269.html
巨乳J女孩的粉穴誘惑,/xiazai/10268.html
巨乳I罩杯92cm肉感身體穿著比基尼中出,/xiazai/10264.html
對素人的貴府突擊訪問,/xiazai/10263.html
家教老师水木裕,/xiazai/10262.html
家事代行,/xiazai/10260.html
嫩鮑悶騷貫穿工事大島彩,/xiazai/10256.html
好色巨乳女教師的誘惑,/xiazai/10255.html
婚禮再次舉行宴會著急M女性第一流企業,/xiazai/10254.html
妄想族cos性爱侍奉女仆的可爱又淫乱行为,/xiazai/10251.html
妄想學園黑美尻各種性愛姿勢自拍,/xiazai/10249.html
女職員最年少宣傳部,/xiazai/10246.html
女生宿舍整個全體人員中出做愛大亂交,/xiazai/10245.html
女教師開放肉體課堂指導,/xiazai/10239.html
女播音員汙辱大會來了,/xiazai/10238.html
奇蹟的美少女肥皂風俗AV初次亮相,/xiazai/10237.html
女子校生中出猛烈雙飛,/xiazai/10236.html
上司,/xiazai/10234.html
太害羞的首次體驗240分,/xiazai/10230.html
堕落的顺手牵羊人妻爱慾的猥亵凌辱秋野千寻,/xiazai/10229.html
在她眼前拘束男朋友鬼畜愚蠢女人,/xiazai/10228.html
27名喜歡口交的人妻,/xiazai/10225.html
初恋女人,/xiazai/10224.html
特濃中出,/xiazai/10223.html
各種各樣的性愛姿勢下流的SEX,/xiazai/10221.html
史上最高檔純粹無垢的天然F罩杯美巨乳,/xiazai/10214.html
可爱美少女,/xiazai/10213.html
只是醉了會好色的姐姐中出1發感到有點欠缺,/xiazai/10210.html
南韓學院質樸的流圍棋職業棋手初次亮相,/xiazai/10209.html
卓越才能18歲初次亮相超敏感體質性感開發檔案,/xiazai/10207.html
制服女子校生接吻口交全身服务,/xiazai/10205.html
生痴女,/xiazai/10204.html
同級生sex,/xiazai/10200.html
全身舐本気汁全漏,/xiazai/10197.html
全裸巨乳家政婦2,/xiazai/10195.html
先生染上了健身房的衣服,/xiazai/10193.html
全裸可以毫无忌惮护士,/xiazai/10192.html
保險業務的床上営業,/xiazai/10190.html
側室美女,/xiazai/10189.html
保守的胸圍白皙皮膚美屁股的魅力調教SEX,/xiazai/10186.html
來打野砲吧,/xiazai/10180.html
唾液垂流,/xiazai/10177.html
乳奶頭性感玩弄專業責備,/xiazai/10174.html
佐木式早漏,/xiazai/10172.html
男子家突撃,/xiazai/10170.html
交友聯誼會相識的姐姐多次愛愛,/xiazai/10169.html
乘滿員電車純真的女子OL,/xiazai/10164.html
潮吹TV,/xiazai/10159.html
一起居住的作業員全都被太太成熟的肉體給迷住了,/xiazai/10156.html
美少女の理性,/xiazai/10148.html
性痴女,/xiazai/10145.html
武井麻希,/xiazai/10144.html
女子sex,/xiazai/10141.html
小暮可憐,/xiazai/10140.html
粉紅巨乳新癖好馬賽克,/xiazai/10135.html
20歲限定成人集聚美少女的1號,/xiazai/10132.html
初次亮相ol,/xiazai/10130.html
温泉女将sex,/xiazai/10127.html
性爱体力测试比赛,/xiazai/10126.html
變態老闆侵犯,/xiazai/10122.html
新人社員研修使之AV演出,/xiazai/10121.html
巨乳H漫畫老師,/xiazai/10117.html
巨乳女兒,/xiazai/10110.html
極品爆乳,/xiazai/10107.html
超高級肥皂姑娘,/xiazai/10102.html
超適合制服的美少女,/xiazai/10101.html
超人氣聲優,/xiazai/10097.html
爆乳女高中生,/xiazai/10096.html
打飛機診所,/xiazai/10094.html
大学受験,/xiazai/10090.html
大学生5年,/xiazai/10089.html
和女友的好友悄悄嘿咻,/xiazai/10085.html
公司接待美少女,/xiazai/10083.html
寂寞好久的小姐姐,/xiazai/10078.html
即席泡妞新婚新娘和婚外情,/xiazai/10075.html
火照肉体,/xiazai/10074.html
婚后的性福出轨,/xiazai/10069.html
競賽泳裝游泳教練,/xiazai/10067.html
教師ol,/xiazai/10065.html
兼职美女模特的羞耻高潮,/xiazai/10062.html
可爱少妇的淫乱一面,/xiazai/10057.html
看到誘惑的女性客人內褲走光勃起的我,/xiazai/10056.html
巨乳美女的秘密春藥豐乳,/xiazai/10052.html
美人女教師放課後W痴女,/xiazai/10049.html
美女医生婚前的最后激情,/xiazai/10048.html
美脚和美乳的诱惑,/xiazai/10047.html
色情OL專屬姐姐,/xiazai/10046.html
辣妹制服,/xiazai/10040.html
男子校的女教師轉職,/xiazai/10038.html
敏感的21岁女大生身体二次开发,/xiazai/10035.html
迷人的新人美女护士,/xiazai/10034.html
美少女女僕前來伺候您,/xiazai/10031.html
女主播,/xiazai/10027.html
情色約會,/xiazai/10026.html
女大學生AV出道,/xiazai/10023.html
无情的打工,/xiazai/10022.html
潛入搜查官,/xiazai/10017.html
陰蒂性交,/xiazai/10016.html
女子高中生lol,/xiazai/10013.html
少女的寂寞身体,/xiazai/10010.html
中出做爱,/xiazai/10009.html
初登場,/xiazai/10007.html
素人情侣对抗,/xiazai/10005.html
美體沙龍,/xiazai/10004.html
私通爆奶媳婦,/xiazai/9999.html
美人妻子色情AV演出,/xiazai/9997.html
我每次在快要高潮的時候抽插就會停止,/xiazai/9996.html
溫順服務大迷美少女女僕,/xiazai/9994.html
父母和子女在浴室做,/xiazai/9993.html
妄想御姐對我說の淫語,/xiazai/9990.html
網襪美腿美女,/xiazai/9989.html
G罩杯老師,/xiazai/9987.html
夏威夷舞蹈讲师,/xiazai/9986.html
爆乳女子大生,/xiazai/9985.html
現役音楽教師,/xiazai/9983.html
新放課後美少女回春,/xiazai/9982.html
巨乳中出家庭教師ol,/xiazai/9977.html
性慾ol,/xiazai/9975.html
性格内衣美女店员的无限性欲,/xiazai/9969.html
性爱谘询师寺崎泉的性感诊所,/xiazai/9967.html
未婚妻私通的視訊,/xiazai/9966.html
誘惑BODY,/xiazai/9964.html
色娘妹妹,/xiazai/9963.html
诱惑美脚御姐的内衣SEX秀,/xiazai/9956.html
有著淫蕩女社長的公司,/xiazai/9953.html
全裸3P服务航班,/xiazai/9948.html
按摩店,/xiazai/9946.html
失禁不停的人妻們,/xiazai/9945.html
早洩學生會長不停住活塞,/xiazai/9943.html
主婦の秘密,/xiazai/9939.html
巨乳人妻淫乱交,/xiazai/9935.html
制服痴漢,/xiazai/9933.html
痙攣嬲姦,/xiazai/9905.html
新人美少女,/xiazai/9894.html
中出sexol,/xiazai/9893.html
極射ol,/xiazai/9874.html
羽田真里ol,/xiazai/9872.html
