河南実里,/xiazai/10932.html,,
河南実里,/xiazai/10932.html,,
河南実里,/xiazai/10932.html,,
河南実里,/xiazai/10932.html,,
河南実里,/xiazai/10932.html,https://mmxzqxl1.com/common/yazhou/201712/28/MdNeWVmX/MdNeWVmX.rmvb,thunder://QUFodHRwczovL21teHpxeGwxLmNvbS9jb21tb24veWF6aG91LzIwMTcxMi8yOC9NZE5lV1ZtWC9NZE5lV1ZtWC5ybXZiWlo=
欲求不満妻自慰誘惑男人,/xiazai/10931.html,https://mmxzqxl1.com/common/yazhou/201712/28/csuEWcEk/csuEWcEk.rmvb,thunder://QUFodHRwczovL21teHpxeGwxLmNvbS9jb21tb24veWF6aG91LzIwMTcxMi8yOC9jc3VFV2NFay9jc3VFV2NFay5ybXZiWlo=
人妻調教性愛,/xiazai/10929.html,https://mmxzqxl1.com/common/yazhou/201712/28/dTNmuawD/dTNmuawD.rmvb,thunder://QUFodHRwczovL21teHpxeGwxLmNvbS9jb21tb24veWF6aG91LzIwMTcxMi8yOC9kVE5tdWF3RC9kVE5tdWF3RC5ybXZiWlo=
真性中出大乱交,/xiazai/10927.html,https://mmxzqxl1.com/common/yazhou/201712/27/kVphjCrR/kVphjCrR.rmvb,thunder://QUFodHRwczovL21teHpxeGwxLmNvbS9jb21tb24veWF6aG91LzIwMTcxMi8yNy9rVnBoakNyUi9rVnBoakNyUi5ybXZiWlo=
援交中出,/xiazai/10926.html,https://mmxzqxl1.com/common/yazhou/201712/26/xaQkKvLs/xaQkKvLs.rmvb,thunder://QUFodHRwczovL21teHpxeGwxLmNvbS9jb21tb24veWF6aG91LzIwMTcxMi8yNi94YVFrS3ZMcy94YVFrS3ZMcy5ybXZiWlo=
専属女優2,/xiazai/10924.html,https://mmxzqxl1.com/common/yazhou/201712/26/GAeJbwWT/GAeJbwWT.rmvb,thunder://QUFodHRwczovL21teHpxeGwxLmNvbS9jb21tb24veWF6aG91LzIwMTcxMi8yNi9HQWVKYndXVC9HQWVKYndXVC5ybXZiWlo=
激情做爱,/xiazai/10921.html,https://mmxzqxl1.com/common/yazhou/201712/25/WrhNAKvB/WrhNAKvB.rmvb,thunder://QUFodHRwczovL21teHpxeGwxLmNvbS9jb21tb24veWF6aG91LzIwMTcxMi8yNS9XcmhOQUt2Qi9XcmhOQUt2Qi5ybXZiWlo=
未成熟的身體,/xiazai/10918.html,https://mmxzqxl1.com/common/yazhou/201712/24/AjQwAGbX/AjQwAGbX.rmvb,thunder://QUFodHRwczovL21teHpxeGwxLmNvbS9jb21tb24veWF6aG91LzIwMTcxMi8yNC9BalF3QUdiWC9BalF3QUdiWC5ybXZiWlo=
超高級洗浴,/xiazai/10916.html,https://mmxzqxl1.com/common/yazhou/201712/23/WqgrGWgT/WqgrGWgT.rmvb,thunder://QUFodHRwczovL21teHpxeGwxLmNvbS9jb21tb24veWF6aG91LzIwMTcxMi8yMy9XcWdyR1dnVC9XcWdyR1dnVC5ybXZiWlo=
淫亂人妻,/xiazai/10912.html,https://mmxzqxl1.com/common/yazhou/201712/02/WeHaHvBE/WeHaHvBE.rmvb,thunder://QUFodHRwczovL21teHpxeGwxLmNvbS9jb21tb24veWF6aG91LzIwMTcxMi8wMi9XZUhhSHZCRS9XZUhhSHZCRS5ybXZiWlo=
休息日,/xiazai/10911.html,https://mmxzqxl1.com/common/yazhou/201712/04/FHQNRvBD/FHQNRvBD.rmvb,thunder://QUFodHRwczovL21teHpxeGwxLmNvbS9jb21tb24veWF6aG91LzIwMTcxMi8wNC9GSFFOUnZCRC9GSFFOUnZCRC5ybXZiWlo=
淫亂熟女人妻,/xiazai/10910.html,https://mmxzqxl1.com/common/yazhou/201712/03/TKvhTBdU/TKvhTBdU.rmvb,thunder://QUFodHRwczovL21teHpxeGwxLmNvbS9jb21tb24veWF6aG91LzIwMTcxMi8wMy9US3ZoVEJkVS9US3ZoVEJkVS5ybXZiWlo=
滿足的美少女,/xiazai/10902.html,https://mmxzqxl1.com/common/yazhou/201712/01/ceLYRwAX/ceLYRwAX.rmvb,thunder://QUFodHRwczovL21teHpxeGwxLmNvbS9jb21tb24veWF6aG91LzIwMTcxMi8wMS9jZUxZUndBWC9jZUxZUndBWC5ybXZiWlo=
角色扮演者同居生活,/xiazai/10901.html,https://mmxzqxl1.com/common/yazhou/201711-2/16/HUTBWP4L/HUTBWP4L.rmvb,thunder://QUFodHRwczovL21teHpxeGwxLmNvbS9jb21tb24veWF6aG91LzIwMTcxMS0yLzE2L0hVVEJXUDRML0hVVEJXUDRMLnJtdmJaWg==
誘惑年輕人,/xiazai/10899.html,https://mmxzqxl1.com/common/yazhou/201711-2/16/SD478DK5/SD478DK5.rmvb,thunder://QUFodHRwczovL21teHpxeGwxLmNvbS9jb21tb24veWF6aG91LzIwMTcxMS0yLzE2L1NENDc4REs1L1NENDc4REs1LnJtdmJaWg==
毎日SEX,/xiazai/10898.html,https://mmxzqxl1.com/common/yazhou/201711-2/15/4SAQK4VL/4SAQK4VL.rmvb,thunder://QUFodHRwczovL21teHpxeGwxLmNvbS9jb21tb24veWF6aG91LzIwMTcxMS0yLzE1LzRTQVFLNFZMLzRTQVFLNFZMLnJtdmJaWg==
八木友理奈,/xiazai/10894.html,https://mmxzqxl1.com/common/yazhou/201711-2/14/6XBFEG7V/6XBFEG7V.rmvb,thunder://QUFodHRwczovL21teHpxeGwxLmNvbS9jb21tb24veWF6aG91LzIwMTcxMS0yLzE0LzZYQkZFRzdWLzZYQkZFRzdWLnJtdmJaWg==
色情2,/xiazai/10893.html,https://mmxzqxl1.com/common/yazhou/201711-2/15/55UUWULQ/55UUWULQ.rmvb,thunder://QUFodHRwczovL21teHpxeGwxLmNvbS9jb21tb24veWF6aG91LzIwMTcxMS0yLzE1LzU1VVVXVUxRLzU1VVVXVUxRLnJtdmJaWg==
獨自一人的女士,/xiazai/10891.html,https://mmxzqxl1.com/common/yazhou/201711-2/13/C5B64GUQ/C5B64GUQ.rmvb,thunder://QUFodHRwczovL21teHpxeGwxLmNvbS9jb21tb24veWF6aG91LzIwMTcxMS0yLzEzL0M1QjY0R1VRL0M1QjY0R1VRLnJtdmJaWg==
性感02,/xiazai/10887.html,https://mmxzqxl1.com/common/yazhou/201711-2/13/2E8MFKAU/2E8MFKAU.rmvb,thunder://QUFodHRwczovL21teHpxeGwxLmNvbS9jb21tb24veWF6aG91LzIwMTcxMS0yLzEzLzJFOE1GS0FVLzJFOE1GS0FVLnJtdmJaWg==
街角巨乳,/xiazai/23330.html,https://mmxzqxl1.com/common/all/201809/E40v4Wt/E40v4Wt.rmvb,thunder://QUFodHRwczovL21teHpxeGwxLmNvbS9jb21tb24vYWxsLzIwMTgwOS9FNDB2NFd0L0U0MHY0V3Qucm12Ylpa
街角素人編,/xiazai/23260.html,https://mmxzqxl1.com/common/all/201809/T0iSXfN/T0iSXfN.rmvb,thunder://QUFodHRwczovL21teHpxeGwxLmNvbS9jb21tb24vYWxsLzIwMTgwOS9UMGlTWGZOL1QwaVNYZk4ucm12Ylpa
誘惑女教師,/xiazai/23179.html,https://mmxzqxl1.com/common/all/201809/dawU7kN/dawU7kN.rmvb,thunder://QUFodHRwczovL21teHpxeGwxLmNvbS9jb21tb24vYWxsLzIwMTgwOS9kYXdVN2tOL2Rhd1U3a04ucm12Ylpa
美熟女,/xiazai/23117.html,https://mmxzqxl1.com/common/all/201809/WZGhYAu/WZGhYAu.rmvb,thunder://QUFodHRwczovL21teHpxeGwxLmNvbS9jb21tb24vYWxsLzIwMTgwOS9XWkdoWUF1L1daR2hZQXUucm12Ylpa
美女3,/xiazai/23022.html,https://mmxzqxl1.com/common/all/201809/TzahCjp/TzahCjp.rmvb,thunder://QUFodHRwczovL21teHpxeGwxLmNvbS9jb21tb24vYWxsLzIwMTgwOS9UemFoQ2pwL1R6YWhDanAucm12Ylpa
美女装子,/xiazai/22924.html,https://mmxzqxl1.com/common/all/201809/ge2YkLW/ge2YkLW.rmvb,thunder://QUFodHRwczovL21teHpxeGwxLmNvbS9jb21tb24vYWxsLzIwMTgwOS9nZTJZa0xXL2dlMllrTFcucm12Ylpa
素人投稿動画超話題人妻女教師,/xiazai/22769.html,https://mmxzqxl1.com/common/all/201809/ipWt8nP/ipWt8nP.rmvb,thunder://QUFodHRwczovL21teHpxeGwxLmNvbS9jb21tb24vYWxsLzIwMTgwOS9pcFd0OG5QL2lwV3Q4blAucm12Ylpa
童貞,/xiazai/22606.html,https://mmxzqxl1.com/common/all/201809/7m4SX4d,thunder://QUFodHRwczovL21teHpxeGwxLmNvbS9jb21tb24vYWxsLzIwMTgwOS83bTRTWDRkWlo=
絶対,/xiazai/22472.html,https://mmxzqxl1.com/common/all/201809/KsKdHlb/KsKdHlb.rmvb,thunder://QUFodHRwczovL21teHpxeGwxLmNvbS9jb21tb24vYWxsLzIwMTgwOS9Lc0tkSGxiL0tzS2RIbGIucm12Ylpa
九州方言,/xiazai/22471.html,https://mmxzqxl1.com/common/all/201809/lv2xwNz/lv2xwNz.rmvb,thunder://QUFodHRwczovL21teHpxeGwxLmNvbS9jb21tb24vYWxsLzIwMTgwOS9sdjJ4d056L2x2Mnh3Tnoucm12Ylpa
爆乳2,/xiazai/22432.html,https://mmxzqxl1.com/common/all/201809/tqvTAjh/tqvTAjh.rmvbhttps://mmxzqxl1.com/common/all/201809/m5eQIY7/m5eQIY7.rmvb,thunder://QUFodHRwczovL21teHpxeGwxLmNvbS9jb21tb24vYWxsLzIwMTgwOS90cXZUQWpoL3RxdlRBamgucm12Ymh0dHBzOi8vbW14enF4bDEuY29tL2NvbW1vbi9hbGwvMjAxODA5L201ZVFJWTcvbTVlUUlZNy5ybXZiWlo=
無盡的性愛,/xiazai/22431.html,https://mmxzqxl1.com/common/all/201809/tqvTAjh/tqvTAjh.rmvb,thunder://QUFodHRwczovL21teHpxeGwxLmNvbS9jb21tb24vYWxsLzIwMTgwOS90cXZUQWpoL3RxdlRBamgucm12Ylpa
無意識男,/xiazai/22248.html,https://mmxzqxl1.com/common/all/201809/qHUc4wd/qHUc4wd.rmvb,thunder://QUFodHRwczovL21teHpxeGwxLmNvbS9jb21tb24vYWxsLzIwMTgwOS9xSFVjNHdkL3FIVWM0d2Qucm12Ylpa
湊莉久中出,/xiazai/22247.html,https://mmxzqxl1.com/common/all/201809/Oyx2deW/Oyx2deW.rmvb,thunder://QUFodHRwczovL21teHpxeGwxLmNvbS9jb21tb24vYWxsLzIwMTgwOS9PeXgyZGVXL095eDJkZVcucm12Ylpa
淫亂護士水野朝陽挑戰企劃,/xiazai/22077.html,https://mmxzqxl1.com/common/all/201809/DutbD2C/DutbD2C.rmvb,thunder://QUFodHRwczovL21teHpxeGwxLmNvbS9jb21tb24vYWxsLzIwMTgwOS9EdXRiRDJDL0R1dGJEMkMucm12Ylpa
淫亂手技射精管理女家教九重環奈,/xiazai/22076.html,https://mmxzqxl1.com/common/all/201809/HB80Jsa/HB80Jsa.rmvb,thunder://QUFodHRwczovL21teHpxeGwxLmNvbS9jb21tb24vYWxsLzIwMTgwOS9IQjgwSnNhL0hCODBKc2Eucm12Ylpa
全身性感帯,/xiazai/21950.html,https://mmxzqxl1.com/common/all/201809/g0rFqTH/g0rFqTH.rmvb,thunder://QUFodHRwczovL21teHpxeGwxLmNvbS9jb21tb24vYWxsLzIwMTgwOS9nMHJGcVRIL2cwckZxVEgucm12Ylpa
欲求不満淫乱妻,/xiazai/21949.html,https://mmxzqxl1.com/common/all/201809/KQMHxEl/KQMHxEl.rmvb,thunder://QUFodHRwczovL21teHpxeGwxLmNvbS9jb21tb24vYWxsLzIwMTgwOS9LUU1IeEVsL0tRTUh4RWwucm12Ylpa
極上風俗嬢,/xiazai/21948.html,https://mmxzqxl1.com/common/all/201809/903dLIB/903dLIB.rmvb,thunder://QUFodHRwczovL21teHpxeGwxLmNvbS9jb21tb24vYWxsLzIwMTgwOS85MDNkTElCLzkwM2RMSUIucm12Ylpa
突撃訪問2,/xiazai/21901.html,https://mmxzqxl1.com/common/all/201809/9eAxhBm/9eAxhBm.rmvb,thunder://QUFodHRwczovL21teHpxeGwxLmNvbS9jb21tb24vYWxsLzIwMTgwOS85ZUF4aEJtLzllQXhoQm0ucm12Ylpa
性欲少女,/xiazai/10979.html,https://mmxzqxl1.com/common/yazhou/201712/11/LbTALctT/LbTALctT.rmvb,thunder://QUFodHRwczovL21teHpxeGwxLmNvbS9jb21tb24veWF6aG91LzIwMTcxMi8xMS9MYlRBTGN0VC9MYlRBTGN0VC5ybXZiWlo=
偶遇巨乳正妹,/xiazai/10978.html,https://mmxzqxl1.com/common/yazhou/201712/11/FXhpUARN/FXhpUARN.rmvb,thunder://QUFodHRwczovL21teHpxeGwxLmNvbS9jb21tb24veWF6aG91LzIwMTcxMi8xMS9GWGhwVUFSTi9GWGhwVUFSTi5ybXZiWlo=
性交Ol,/xiazai/10977.html,https://mmxzqxl1.com/common/yazhou/201712/10/GVWuGsuj/GVWuGsuj.rmvb,thunder://QUFodHRwczovL21teHpxeGwxLmNvbS9jb21tb24veWF6aG91LzIwMTcxMi8xMC9HVld1R3N1ai9HVld1R3N1ai5ybXZiWlo=
乳交,/xiazai/10976.html,https://mmxzqxl1.com/common/yazhou/201712/09/sxkjBcwA/sxkjBcwA.rmvb,thunder://QUFodHRwczovL21teHpxeGwxLmNvbS9jb21tb24veWF6aG91LzIwMTcxMi8wOS9zeGtqQmN3QS9zeGtqQmN3QS5ybXZiWlo=
青年,/xiazai/10975.html,https://mmxzqxl1.com/common/yazhou/201712/10/qJDqVWXA/qJDqVWXA.rmvb,thunder://QUFodHRwczovL21teHpxeGwxLmNvbS9jb21tb24veWF6aG91LzIwMTcxMi8xMC9xSkRxVldYQS9xSkRxVldYQS5ybXZiWlo=
女子校生03,/xiazai/10973.html,https://mmxzqxl1.com/common/yazhou/201712/08/jHrgLavL/jHrgLavL.rmvb,thunder://QUFodHRwczovL21teHpxeGwxLmNvbS9jb21tb24veWF6aG91LzIwMTcxMi8wOC9qSHJnTGF2TC9qSHJnTGF2TC5ybXZiWlo=
素人妻,/xiazai/10965.html,https://mmxzqxl1.com/common/yazhou/201712/07/suBgXUjq/suBgXUjq.rmvb,thunder://QUFodHRwczovL21teHpxeGwxLmNvbS9jb21tb24veWF6aG91LzIwMTcxMi8wNy9zdUJnWFVqcS9zdUJnWFVqcS5ybXZiWlo=
想成為AV女優,/xiazai/10963.html,https://mmxzqxl1.com/common/yazhou/201712/06/kAvGQNTc/kAvGQNTc.rmvb,thunder://QUFodHRwczovL21teHpxeGwxLmNvbS9jb21tb24veWF6aG91LzIwMTcxMi8wNi9rQXZHUU5UYy9rQXZHUU5UYy5ybXZiWlo=
全身性感帯的天才,/xiazai/10962.html,https://mmxzqxl1.com/common/yazhou/201801/07/pMxLPcFX/pMxLPcFX.rmvb,thunder://QUFodHRwczovL21teHpxeGwxLmNvbS9jb21tb24veWF6aG91LzIwMTgwMS8wNy9wTXhMUGNGWC9wTXhMUGNGWC5ybXZiWlo=
繼母對我巨根的慾望,/xiazai/10960.html,https://mmxzqxl1.com/common/yazhou/201712/05/wFqGujWQ/wFqGujWQ.rmvb,thunder://QUFodHRwczovL21teHpxeGwxLmNvbS9jb21tb24veWF6aG91LzIwMTcxMi8wNS93RnFHdWpXUS93RnFHdWpXUS5ybXZiWlo=
若妻ol,/xiazai/10958.html,https://mmxzqxl1.com/common/yazhou/201801/06/ettjXvsw/ettjXvsw.rmvb,thunder://QUFodHRwczovL21teHpxeGwxLmNvbS9jb21tb24veWF6aG91LzIwMTgwMS8wNi9ldHRqWHZzdy9ldHRqWHZzdy5ybXZiWlo=
胜利SEX,/xiazai/10957.html,https://mmxzqxl1.com/common/yazhou/201801/05/WnEALvMe/WnEALvMe.rmvb,thunder://QUFodHRwczovL21teHpxeGwxLmNvbS9jb21tb24veWF6aG91LzIwMTgwMS8wNS9XbkVBTHZNZS9XbkVBTHZNZS5ybXZiWlo=
肉感3D,/xiazai/10953.html,https://mmxzqxl1.com/common/yazhou/201801/06/hXcMGdcT/hXcMGdcT.rmvb,thunder://QUFodHRwczovL21teHpxeGwxLmNvbS9jb21tb24veWF6aG91LzIwMTgwMS8wNi9oWGNNR2RjVC9oWGNNR2RjVC5ybXZiWlo=
色情小子,/xiazai/10947.html,https://mmxzqxl1.com/common/yazhou/201801/05/BeKdrXUu/BeKdrXUu.rmvb,thunder://QUFodHRwczovL21teHpxeGwxLmNvbS9jb21tb24veWF6aG91LzIwMTgwMS8wNS9CZUtkclhVdS9CZUtkclhVdS5ybXZiWlo=
素人女孩,/xiazai/10946.html,https://mmxzqxl1.com/common/yazhou/201801/03/nXDWQxpt/nXDWQxpt.rmvb,thunder://QUFodHRwczovL21teHpxeGwxLmNvbS9jb21tb24veWF6aG91LzIwMTgwMS8wMy9uWERXUXhwdC9uWERXUXhwdC5ybXZiWlo=
無理強制射精,/xiazai/10944.html,https://mmxzqxl1.com/common/yazhou/201801/02/kKpFErPP/kKpFErPP.rmvb,thunder://QUFodHRwczovL21teHpxeGwxLmNvbS9jb21tb24veWF6aG91LzIwMTgwMS8wMi9rS3BGRXJQUC9rS3BGRXJQUC5ybXZiWlo=
奶頭激凸誘惑,/xiazai/10943.html,h,t
小肉棒鑑賞会,/xiazai/10941.html,https://mmxzqxl1.com/common/yazhou/201801/01/bQmjkmKS/bQmjkmKS.rmvb,thunder://QUFodHRwczovL21teHpxeGwxLmNvbS9jb21tb24veWF6aG91LzIwMTgwMS8wMS9iUW1qa21LUy9iUW1qa21LUy5ybXZiWlo=
痴女人妻,/xiazai/10938.html,https://mmxzqxl1.com/common/yazhou/201712/30/xxvLUfPU/xxvLUfPU.rmvb,thunder://QUFodHRwczovL21teHpxeGwxLmNvbS9jb21tb24veWF6aG91LzIwMTcxMi8zMC94eHZMVWZQVS94eHZMVWZQVS5ybXZiWlo=
擁有完美身材的媽媽,/xiazai/10935.html,https://mmxzqxl1.com/common/yazhou/201712/29/qNcEHChX/qNcEHChX.rmvb,thunder://QUFodHRwczovL21teHpxeGwxLmNvbS9jb21tb24veWF6aG91LzIwMTcxMi8yOS9xTmNFSENoWC9xTmNFSENoWC5ybXZiWlo=
一個小魔鬼女人偷偷地誘惑我,/xiazai/27196.html,https://mmxzqxl1.com/common/all/201812/YSRANAp/YSRANAp.rmvb,thunder://QUFodHRwczovL21teHpxeGwxLmNvbS9jb21tb24vYWxsLzIwMTgxMi9ZU1JBTkFwL1lTUkFOQXAucm12Ylpa
求不満超市女店员们享用大肉棒,/xiazai/27080.html,https://mmxzqxl1.com/common/all/201812/mUdkTkV/mUdkTkV.rmvb,thunder://QUFodHRwczovL21teHpxeGwxLmNvbS9jb21tb24vYWxsLzIwMTgxMi9tVWRrVGtWL21VZGtUa1Yucm12Ylpa
進一步刺入子宮後部,/xiazai/27079.html,https://mmxzqxl1.com/common/all/201812/kLpJNbc/kLpJNbc.rmvb,thunder://QUFodHRwczovL21teHpxeGwxLmNvbS9jb21tb24vYWxsLzIwMTgxMi9rTHBKTmJjL2tMcEpOYmMucm12Ylpa
人生第一次暨射擊乞求嚴重驚厥,/xiazai/26944.html,https://mmxzqxl1.com/common/all/201812/wFhQeYS/wFhQeYS.rmvb,thunder://QUFodHRwczovL21teHpxeGwxLmNvbS9jb21tb24vYWxsLzIwMTgxMi93RmhRZVlTL3dGaFFlWVMucm12Ylpa
蕩婦邀請乳頭狀態,/xiazai/26943.html,https://mmxzqxl1.com/common/all/201812/nXWLbDN/nXWLbDN.rmvb,thunder://QUFodHRwczovL21teHpxeGwxLmNvbS9jb21tb24vYWxsLzIwMTgxMi9uWFdMYkROL25YV0xiRE4ucm12Ylpa
此刻看到豐滿的衣服,/xiazai/26942.html,https://mmxzqxl1.com/common/all/201812/PfhvBcj/PfhvBcj.rmvb,thunder://QUFodHRwczovL21teHpxeGwxLmNvbS9jb21tb24vYWxsLzIwMTgxMi9QZmh2QmNqL1BmaHZCY2oucm12Ylpa
人妻温泉,/xiazai/26842.html,https://mmxzqxl1.com/common/all/201812/QJSwPFd/QJSwPFd.rmvb,thunder://QUFodHRwczovL21teHpxeGwxLmNvbS9jb21tb24vYWxsLzIwMTgxMi9RSlN3UEZkL1FKU3dQRmQucm12Ylpa
童貞的射精爆速騎馬位射,/xiazai/26724.html,h,t
我的妹妹才不會在泡泡浴工作,/xiazai/26620.html,https://mmxzqxl1.com/common/all/201812/fwsBQVt/fwsBQVt.rmvb,thunder://QUFodHRwczovL21teHpxeGwxLmNvbS9jb21tb24vYWxsLzIwMTgxMi9md3NCUVZ0L2Z3c0JRVnQucm12Ylpa
溢出的性慾,/xiazai/26502.html,https://mmxzqxl1.com/common/all/201812/QTxwGHY/QTxwGHY.rmvb,thunder://QUFodHRwczovL21teHpxeGwxLmNvbS9jb21tb24vYWxsLzIwMTgxMi9RVHh3R0hZL1FUeHdHSFkucm12Ylpa
用淫語加泡泡浴乳交刺激但卻不讓你射出來,/xiazai/26387.html,https://mmxzqxl1.com/common/all/201812/nkwKKRK/nkwKKRK.rmvb,thunder://QUFodHRwczovL21teHpxeGwxLmNvbS9jb21tb24vYWxsLzIwMTgxMi9ua3dLS1JLL25rd0tLUksucm12Ylpa
一個奇蹟苗條的身材妻子,/xiazai/26281.html,https://mmxzqxl1.com/common/all/201812/kaNNDXW/kaNNDXW.rmvb,thunder://QUFodHRwczovL21teHpxeGwxLmNvbS9jb21tb24vYWxsLzIwMTgxMi9rYU5ORFhXL2thTk5EWFcucm12Ylpa
中年親父濃厚性交,/xiazai/26182.html,https://mmxzqxl1.com/common/all/201812/TSLKPMK/TSLKPMK.rmvb,thunder://QUFodHRwczovL21teHpxeGwxLmNvbS9jb21tb24vYWxsLzIwMTgxMi9UU0xLUE1LL1RTTEtQTUsucm12Ylpa
紅色臉紅暨射擊多次部署,/xiazai/26040.html,https://mmxzqxl1.com/common/all/201812/SLnBaGL/SLnBaGL.rmvb,thunder://QUFodHRwczovL21teHpxeGwxLmNvbS9jb21tb24vYWxsLzIwMTgxMi9TTG5CYUdML1NMbkJhR0wucm12Ylpa
美髮師助理,/xiazai/25939.html,https://mmxzqxl1.com/common/all/201812/QsSwPgJ/QsSwPgJ.rmvb,thunder://QUFodHRwczovL21teHpxeGwxLmNvbS9jb21tb24vYWxsLzIwMTgxMi9Rc1N3UGdKL1FzU3dQZ0oucm12Ylpa
魅惑美女欲望身体AV面接,/xiazai/23914.html,https://mmxzqxl1.com/common/all/201809/2IW5pFt/2IW5pFt.rmvb,thunder://QUFodHRwczovL21teHpxeGwxLmNvbS9jb21tb24vYWxsLzIwMTgwOS8ySVc1cEZ0LzJJVzVwRnQucm12Ylpa
那裡的巨乳比基尼素人先生,/xiazai/23813.html,https://mmxzqxl1.com/common/all/201809/ZGT5YWX/ZGT5YWX.rmvb,thunder://QUFodHRwczovL21teHpxeGwxLmNvbS9jb21tb24vYWxsLzIwMTgwOS9aR1Q1WVdYL1pHVDVZV1gucm12Ylpa
誰言性欲,/xiazai/23676.html,https://mmxzqxl1.com/common/all/201809/RWcSD3z/RWcSD3z.rmvb,thunder://QUFodHRwczovL21teHpxeGwxLmNvbS9jb21tb24vYWxsLzIwMTgwOS9SV2NTRDN6L1JXY1NEM3oucm12Ylpa
誕生日彼女,/xiazai/23569.html,https://mmxzqxl1.com/common/all/201809/oyMthCg/oyMthCg.rmvb,thunder://QUFodHRwczovL21teHpxeGwxLmNvbS9jb21tb24vYWxsLzIwMTgwOS9veU10aENnL295TXRoQ2cucm12Ylpa
被地方不良威脅帶女友來被肏翻姬野菖蒲,/xiazai/23463.html,https://mmxzqxl1.com/common/all/201809/UQhtBmz/UQhtBmz.rmvb,thunder://QUFodHRwczovL21teHpxeGwxLmNvbS9jb21tb24vYWxsLzIwMTgwOS9VUWh0Qm16L1VRaHRCbXoucm12Ylpa
調教6,/xiazai/10884.html,https://mmxzqxl1.com/common/yazhou/201711-2/12/VDG7FSPC/VDG7FSPC.rmvb,thunder://QUFodHRwczovL21teHpxeGwxLmNvbS9jb21tb24veWF6aG91LzIwMTcxMS0yLzEyL1ZERzdGU1BDL1ZERzdGU1BDLnJtdmJaWg==
白皙巨乳人妻,/xiazai/10882.html,h,t
美女誘惑OL,/xiazai/10881.html,https://mmxzqxl1.com/common/yazhou/201711-2/11/XQT26L4K/XQT26L4K.rmvb,thunder://QUFodHRwczovL21teHpxeGwxLmNvbS9jb21tb24veWF6aG91LzIwMTcxMS0yLzExL1hRVDI2TDRLL1hRVDI2TDRLLnJtdmJaWg==
不倫休暇中,/xiazai/10879.html,https://mmxzqxl1.com/common/yazhou/201711-2/11/JLLAANDA/JLLAANDA.rmvb,thunder://QUFodHRwczovL21teHpxeGwxLmNvbS9jb21tb24veWF6aG91LzIwMTcxMS0yLzExL0pMTEFBTkRBL0pMTEFBTkRBLnJtdmJaWg==
妻子OL,/xiazai/10878.html,https://mmxzqxl1.com/common/yazhou/201711-2/10/GMTJ44CM/GMTJ44CM.rmvb,thunder://QUFodHRwczovL21teHpxeGwxLmNvbS9jb21tb24veWF6aG91LzIwMTcxMS0yLzEwL0dNVEo0NENNL0dNVEo0NENNLnJtdmJaWg==
超爱的弟弟,/xiazai/10875.html,https://mmxzqxl1.com/common/yazhou/201711-2/10/XJRMPJUF/XJRMPJUF.rmvb,thunder://QUFodHRwczovL21teHpxeGwxLmNvbS9jb21tb24veWF6aG91LzIwMTcxMS0yLzEwL1hKUk1QSlVGL1hKUk1QSlVGLnJtdmJaWg==
可愛女OL,/xiazai/10872.html,https://mmxzqxl1.com/common/yazhou/201711-2/09/3rpx6dmp/3rpx6dmp.rmvb,thunder://QUFodHRwczovL21teHpxeGwxLmNvbS9jb21tb24veWF6aG91LzIwMTcxMS0yLzA5LzNycHg2ZG1wLzNycHg2ZG1wLnJtdmJaWg==
女士首先,/xiazai/10870.html,https://mmxzqxl1.com/common/yazhou/201711-2/09/2st6frq6/2st6frq6.rmvb,thunder://QUFodHRwczovL21teHpxeGwxLmNvbS9jb21tb24veWF6aG91LzIwMTcxMS0yLzA5LzJzdDZmcnE2LzJzdDZmcnE2LnJtdmJaWg==
浴衣02,/xiazai/10867.html,https://mmxzqxl1.com/common/yazhou/201711-2/08/meebspju/meebspju.rmvb,thunder://QUFodHRwczovL21teHpxeGwxLmNvbS9jb21tb24veWF6aG91LzIwMTcxMS0yLzA4L21lZWJzcGp1L21lZWJzcGp1LnJtdmJaWg==
放學後的學校女生,/xiazai/10865.html,https://mmxzqxl1.com/common/yazhou/201711-2/07/jfsbtujc/jfsbtujc.rmvb,thunder://QUFodHRwczovL21teHpxeGwxLmNvbS9jb21tb24veWF6aG91LzIwMTcxMS0yLzA3L2pmc2J0dWpjL2pmc2J0dWpjLnJtdmJaWg==
美人老師,/xiazai/10862.html,https://mmxzqxl1.com/common/yazhou/201711-2/07/wc38vrj5/wc38vrj5.rmvb,thunder://QUFodHRwczovL21teHpxeGwxLmNvbS9jb21tb24veWF6aG91LzIwMTcxMS0yLzA3L3djMzh2cmo1L3djMzh2cmo1LnJtdmJaWg==
朝勃誘惑,/xiazai/10860.html,https://mmxzqxl1.com/common/yazhou/201711-2/06/weux8s88/weux8s88.rmvb,thunder://QUFodHRwczovL21teHpxeGwxLmNvbS9jb21tb24veWF6aG91LzIwMTcxMS0yLzA2L3dldXg4czg4L3dldXg4czg4LnJtdmJaWg==
她眼前的男友,/xiazai/10857.html,https://mmxzqxl1.com/common/yazhou/201711-2/05/6c7krbsf/6c7krbsf.rmvb,thunder://QUFodHRwczovL21teHpxeGwxLmNvbS9jb21tb24veWF6aG91LzIwMTcxMS0yLzA1LzZjN2tyYnNmLzZjN2tyYnNmLnJtdmJaWg==
SEX調教,/xiazai/10856.html,https://mmxzqxl1.com/common/yazhou/201711-2/04/wcmxjrk7/wcmxjrk7.rmvb,thunder://QUFodHRwczovL21teHpxeGwxLmNvbS9jb21tb24veWF6aG91LzIwMTcxMS0yLzA0L3djbXhqcms3L3djbXhqcms3LnJtdmJaWg==
解除禁令,/xiazai/10854.html,https://mmxzqxl1.com/common/yazhou/201711-2/04/2qa5c23g/2qa5c23g.rmvb,thunder://QUFodHRwczovL21teHpxeGwxLmNvbS9jb21tb24veWF6aG91LzIwMTcxMS0yLzA0LzJxYTVjMjNnLzJxYTVjMjNnLnJtdmJaWg==
陰道射精,/xiazai/10851.html,https://mmxzqxl1.com/common/yazhou/201711-2/03/ae2dxghw/ae2dxghw.rmvb,thunder://QUFodHRwczovL21teHpxeGwxLmNvbS9jb21tb24veWF6aG91LzIwMTcxMS0yLzAzL2FlMmR4Z2h3L2FlMmR4Z2h3LnJtdmJaWg==
巨乳女教師的誘惑,/xiazai/10849.html,https://mmxzqxl1.com/common/yazhou/201711-2/02/7s6kg6eq/7s6kg6eq.rmvb,thunder://QUFodHRwczovL21teHpxeGwxLmNvbS9jb21tb24veWF6aG91LzIwMTcxMS0yLzAyLzdzNmtnNmVxLzdzNmtnNmVxLnJtdmJaWg==
可愛OL,/xiazai/10846.html,https://mmxzqxl1.com/common/yazhou/201711-2/01/p6erm7ne/p6erm7ne.rmvb,thunder://QUFodHRwczovL21teHpxeGwxLmNvbS9jb21tb24veWF6aG91LzIwMTcxMS0yLzAxL3A2ZXJtN25lL3A2ZXJtN25lLnJtdmJaWg==
接吻OL,/xiazai/10843.html,https://mmxzqxl1.com/common/yazhou/201711/30/6UBLHauK/6UBLHauK.rmvb,thunder://QUFodHRwczovL21teHpxeGwxLmNvbS9jb21tb24veWF6aG91LzIwMTcxMS8zMC82VUJMSGF1Sy82VUJMSGF1Sy5ybXZiWlo=
裸體巨乳妻子,/xiazai/10842.html,https://mmxzqxl1.com/common/yazhou/201711/30/LLaRsfeW/LLaRsfeW.rmvb,thunder://QUFodHRwczovL21teHpxeGwxLmNvbS9jb21tb24veWF6aG91LzIwMTcxMS8zMC9MTGFSc2ZlVy9MTGFSc2ZlVy5ybXZiWlo=
覺醒注意悔恨視線,/xiazai/11039.html,https://mmxzqxl1.com/common/yazhou/201801/17/mKALdnuh/mKALdnuh.rmvb,thunder://QUFodHRwczovL21teHpxeGwxLmNvbS9jb21tb24veWF6aG91LzIwMTgwMS8xNy9tS0FMZG51aC9tS0FMZG51aC5ybXZiWlo=
全裸爆乳女僕,/xiazai/11037.html,https://mmxzqxl1.com/common/yazhou/201801/17/KWMJuUeS/KWMJuUeS.rmvb,thunder://QUFodHRwczovL21teHpxeGwxLmNvbS9jb21tb24veWF6aG91LzIwMTgwMS8xNy9LV01KdVVlUy9LV01KdVVlUy5ybXZiWlo=
恋夜,/xiazai/11036.html,https://mmxzqxl1.com/common/yazhou/201801/16/FtjbpJEh/FtjbpJEh.rmvb,thunder://QUFodHRwczovL21teHpxeGwxLmNvbS9jb21tb24veWF6aG91LzIwMTgwMS8xNi9GdGpicEpFaC9GdGpicEpFaC5ybXZiWlo=
老人社區情色看護幫,/xiazai/11033.html,https://mmxzqxl1.com/common/yazhou/201801/16/gKxFvUSm/gKxFvUSm.rmvb,thunder://QUFodHRwczovL21teHpxeGwxLmNvbS9jb21tb24veWF6aG91LzIwMTgwMS8xNi9nS3hGdlVTbS9nS3hGdlVTbS5ybXZiWlo=
由愛可奈sex,/xiazai/11032.html,https://mmxzqxl1.com/common/yazhou/201801/15/KYgmAqAT/KYgmAqAT.rmvb,thunder://QUFodHRwczovL21teHpxeGwxLmNvbS9jb21tb24veWF6aG91LzIwMTgwMS8xNS9LWWdtQXFBVC9LWWdtQXFBVC5ybXZiWlo=
肉體撞擊,/xiazai/11025.html,https://mmxzqxl1.com/common/yazhou/201801/11/kCKrHvrT/kCKrHvrT.rmvb,thunder://QUFodHRwczovL21teHpxeGwxLmNvbS9jb21tb24veWF6aG91LzIwMTgwMS8xMS9rQ0tySHZyVC9rQ0tySHZyVC5ybXZiWlo=
欲求不満人妻中出,/xiazai/11024.html,https://mmxzqxl1.com/common/yazhou/201801/10/TLQmCqTs/TLQmCqTs.rmvb,thunder://QUFodHRwczovL21teHpxeGwxLmNvbS9jb21tb24veWF6aG91LzIwMTgwMS8xMC9UTFFtQ3FUcy9UTFFtQ3FUcy5ybXZiWlo=
皮膚白桃子潮濕極近觀察,/xiazai/11022.html,https://mmxzqxl1.com/common/yazhou/201801/09/QESEuaxu/QESEuaxu.rmvb,thunder://QUFodHRwczovL21teHpxeGwxLmNvbS9jb21tb24veWF6aG91LzIwMTgwMS8wOS9RRVNFdWF4dS9RRVNFdWF4dS5ybXZiWlo=
強制淫語教室,/xiazai/11021.html,https://mmxzqxl1.com/common/yazhou/201801/08/whLtwNXf/whLtwNXf.rmvb,thunder://QUFodHRwczovL21teHpxeGwxLmNvbS9jb21tb24veWF6aG91LzIwMTgwMS8wOC93aEx0d05YZi93aEx0d05YZi5ybXZiWlo=
女友故意誘惑,/xiazai/11018.html,https://mmxzqxl1.com/common/yazhou/201712/21/MCxDufbK/MCxDufbK.rmvb,thunder://QUFodHRwczovL21teHpxeGwxLmNvbS9jb21tb24veWF6aG91LzIwMTcxMi8yMS9NQ3hEdWZiSy9NQ3hEdWZiSy5ybXZiWlo=
高級洗浴店,/xiazai/11017.html,https://mmxzqxl1.com/common/yazhou/201712/21/BMSvwAbe/BMSvwAbe.rmvb,thunder://QUFodHRwczovL21teHpxeGwxLmNvbS9jb21tb24veWF6aG91LzIwMTcxMi8yMS9CTVN2d0FiZS9CTVN2d0FiZS5ybXZiWlo=
人妻的同事,/xiazai/11011.html,https://mmxzqxl1.com/common/yazhou/201712/20/jxtbYrgY/jxtbYrgY.rmvb,thunder://QUFodHRwczovL21teHpxeGwxLmNvbS9jb21tb24veWF6aG91LzIwMTcxMi8yMC9qeHRiWXJnWS9qeHRiWXJnWS5ybXZiWlo=
好久不見,/xiazai/11005.html,https://mmxzqxl1.com/common/yazhou/201712/19/gHtBnbfG/gHtBnbfG.rmvb,thunder://QUFodHRwczovL21teHpxeGwxLmNvbS9jb21tb24veWF6aG91LzIwMTcxMi8xOS9nSHRCbmJmRy9nSHRCbmJmRy5ybXZiWlo=
豪华电视,/xiazai/11003.html,https://mmxzqxl1.com/common/yazhou/201712/19/GfBhCPNh/GfBhCPNh.rmvb,thunder://QUFodHRwczovL21teHpxeGwxLmNvbS9jb21tb24veWF6aG91LzIwMTcxMi8xOS9HZkJoQ1BOaC9HZkJoQ1BOaC5ybXZiWlo=
美丽的丝袜妻子,/xiazai/11001.html,https://mmxzqxl1.com/common/yazhou/201712/18/McmuKtpd/McmuKtpd.rmvb,thunder://QUFodHRwczovL21teHpxeGwxLmNvbS9jb21tb24veWF6aG91LzIwMTcxMi8xOC9NY211S3RwZC9NY211S3RwZC5ybXZiWlo=
極度可愛,/xiazai/11000.html,https://mmxzqxl1.com/common/yazhou/201712/16/HqEGMbuL/HqEGMbuL.rmvb,thunder://QUFodHRwczovL21teHpxeGwxLmNvbS9jb21tb24veWF6aG91LzIwMTcxMi8xNi9IcUVHTWJ1TC9IcUVHTWJ1TC5ybXZiWlo=
美脚OL2,/xiazai/10997.html,https://mmxzqxl1.com/common/yazhou/201712/15/tdRDmTEr/tdRDmTEr.rmvb,thunder://QUFodHRwczovL21teHpxeGwxLmNvbS9jb21tb24veWF6aG91LzIwMTcxMi8xNS90ZFJEbVRFci90ZFJEbVRFci5ybXZiWlo=
家教,/xiazai/10995.html,https://mmxzqxl1.com/common/yazhou/201712/14/DCfXmACX/DCfXmACX.rmvb,thunder://QUFodHRwczovL21teHpxeGwxLmNvbS9jb21tb24veWF6aG91LzIwMTcxMi8xNC9EQ2ZYbUFDWC9EQ2ZYbUFDWC5ybXZiWlo=
私立大学ol,/xiazai/10992.html,https://mmxzqxl1.com/common/yazhou/201712/13/GMLCsbKW/GMLCsbKW.rmvb,thunder://QUFodHRwczovL21teHpxeGwxLmNvbS9jb21tb24veWF6aG91LzIwMTcxMi8xMy9HTUxDc2JLVy9HTUxDc2JLVy5ybXZiWlo=
坂下麻衣,/xiazai/10981.html,https://mmxzqxl1.com/common/yazhou/201712/12/xprmrLuR/xprmrLuR.rmvb,thunder://QUFodHRwczovL21teHpxeGwxLmNvbS9jb21tb24veWF6aG91LzIwMTcxMi8xMi94cHJtckx1Ui94cHJtckx1Ui5ybXZiWlo=
18歲AV偶像私密檔案音無沙耶香,/xiazai/11237.html,https://mmxzqxl1.com/common/yazhou/201806/NFJrEEl/NFJrEEl.rmvb,thunder://QUFodHRwczovL21teHpxeGwxLmNvbS9jb21tb24veWF6aG91LzIwMTgwNi9ORkpyRUVsL05GSnJFRWwucm12Ylpa
超薄格,/xiazai/11232.html,https://mmxzqxl1.com/common/yazhou/201805/24/DdLpYwju/DdLpYwju.rmvb,thunder://QUFodHRwczovL21teHpxeGwxLmNvbS9jb21tb24veWF6aG91LzIwMTgwNS8yNC9EZExwWXdqdS9EZExwWXdqdS5ybXZiWlo=
勃起不全的我,/xiazai/11230.html,https://mmxzqxl1.com/common/yazhou/201805/24/naPWSLEe/naPWSLEe.rmvb,thunder://QUFodHRwczovL21teHpxeGwxLmNvbS9jb21tb24veWF6aG91LzIwMTgwNS8yNC9uYVBXU0xFZS9uYVBXU0xFZS5ybXZiWlo=
超硬勃起傳說,/xiazai/11228.html,https://mmxzqxl1.com/common/yazhou/201805/23/YFjvNLwv/YFjvNLwv.rmvb,thunder://QUFodHRwczovL21teHpxeGwxLmNvbS9jb21tb24veWF6aG91LzIwMTgwNS8yMy9ZRmp2Tkx3di9ZRmp2Tkx3di5ybXZiWlo=
超素人頻道,/xiazai/11227.html,https://mmxzqxl1.com/common/yazhou/201805/23/RXSLLXku/RXSLLXku.rmvb,thunder://QUFodHRwczovL21teHpxeGwxLmNvbS9jb21tb24veWF6aG91LzIwMTgwNS8yMy9SWFNMTFhrdS9SWFNMTFhrdS5ybXZiWlo=
初体验,/xiazai/11225.html,https://mmxzqxl1.com/common/yazhou/201805/22/XUkSpHpq/XUkSpHpq.rmvb,thunder://QUFodHRwczovL21teHpxeGwxLmNvbS9jb21tb24veWF6aG91LzIwMTgwNS8yMi9YVWtTcEhwcS9YVWtTcEhwcS5ybXZiWlo=
初撮人妻,/xiazai/11223.html,https://mmxzqxl1.com/common/yazhou/201805/22/PBnFqLuS/PBnFqLuS.rmvb,thunder://QUFodHRwczovL21teHpxeGwxLmNvbS9jb21tb24veWF6aG91LzIwMTgwNS8yMi9QQm5GcUx1Uy9QQm5GcUx1Uy5ybXZiWlo=
全裸家政婦ol,/xiazai/11220.html,https://mmxzqxl1.com/common/yazhou/201805/22/QCeChYmH/QCeChYmH.rmvb,thunder://QUFodHRwczovL21teHpxeGwxLmNvbS9jb21tb24veWF6aG91LzIwMTgwNS8yMi9RQ2VDaFltSC9RQ2VDaFltSC5ybXZiWlo=
到處都穿運動短褲,/xiazai/11219.html,https://mmxzqxl1.com/common/yazhou/201805/21/KwYqaFkV/KwYqaFkV.rmvb,thunder://QUFodHRwczovL21teHpxeGwxLmNvbS9jb21tb24veWF6aG91LzIwMTgwNS8yMS9Ld1lxYUZrVi9Ld1lxYUZrVi5ybXZiWlo=
吉川蓮的特濃中出,/xiazai/11217.html,https://mmxzqxl1.com/common/yazhou/201805/19/vhUHrFMd/vhUHrFMd.rmvb,thunder://QUFodHRwczovL21teHpxeGwxLmNvbS9jb21tb24veWF6aG91LzIwMTgwNS8xOS92aFVIckZNZC92aFVIckZNZC5ybXZiWlo=
緩慢射精勃起美容沙龍,/xiazai/11216.html,https://mmxzqxl1.com/common/yazhou/201805/19/wQrDGMGr/wQrDGMGr.rmvb,thunder://QUFodHRwczovL21teHpxeGwxLmNvbS9jb21tb24veWF6aG91LzIwMTgwNS8xOS93UXJER01Hci93UXJER01Hci5ybXZiWlo=
榎本美咲,/xiazai/11215.html,https://mmxzqxl1.com/common/yazhou/201805/18/qJdUXAJn/qJdUXAJn.rmvb,thunder://QUFodHRwczovL21teHpxeGwxLmNvbS9jb21tb24veWF6aG91LzIwMTgwNS8xOC9xSmRVWEFKbi9xSmRVWEFKbi5ybXZiWlo=
漂亮少妇,/xiazai/11212.html,https://mmxzqxl1.com/common/yazhou/201805/17/gSrmQfuq/gSrmQfuq.rmvb,thunder://QUFodHRwczovL21teHpxeGwxLmNvbS9jb21tb24veWF6aG91LzIwMTgwNS8xNy9nU3JtUWZ1cS9nU3JtUWZ1cS5ybXZiWlo=
滿員電車中痴漢的肉棒頂著越來越興奮,/xiazai/11210.html,https://mmxzqxl1.com/common/yazhou/201805/16/bwsHCCmP/bwsHCCmP.rmvb,thunder://QUFodHRwczovL21teHpxeGwxLmNvbS9jb21tb24veWF6aG91LzIwMTgwNS8xNi9id3NIQ0NtUC9id3NIQ0NtUC5ybXZiWlo=
可愛學妹幫處男的我射精管理,/xiazai/11206.html,https://mmxzqxl1.com/common/yazhou/201805/15/YjcMTsmK/YjcMTsmK.rmvb,thunder://QUFodHRwczovL21teHpxeGwxLmNvbS9jb21tb24veWF6aG91LzIwMTgwNS8xNS9ZamNNVHNtSy9ZamNNVHNtSy5ybXZiWlo=
温泉旅馆性爱旅行,/xiazai/11204.html,https://mmxzqxl1.com/common/yazhou/201805/13/HxeDvkeA/HxeDvkeA.rmvb,thunder://QUFodHRwczovL21teHpxeGwxLmNvbS9jb21tb24veWF6aG91LzIwMTgwNS8xMy9IeGVEdmtlQS9IeGVEdmtlQS5ybXZiWlo=
請帶比妳可愛的女孩過來,/xiazai/11202.html,https://mmxzqxl1.com/common/yazhou/201805/12/SjsHjahC/SjsHjahC.rmvb,thunder://QUFodHRwczovL21teHpxeGwxLmNvbS9jb21tb24veWF6aG91LzIwMTgwNS8xMi9TanNIamFoQy9TanNIamFoQy5ybXZiWlo=
弄濕你的褲子體育館,/xiazai/11201.html,https://mmxzqxl1.com/common/yazhou/201805/13/LKQdRfRH/LKQdRfRH.rmvb,thunder://QUFodHRwczovL21teHpxeGwxLmNvbS9jb21tb24veWF6aG91LzIwMTgwNS8xMy9MS1FkUmZSSC9MS1FkUmZSSC5ybXZiWlo=
女子大生露出,/xiazai/11200.html,https://mmxzqxl1.com/common/yazhou/201805/12/qTGprBSY/qTGprBSY.rmvb,thunder://QUFodHRwczovL21teHpxeGwxLmNvbS9jb21tb24veWF6aG91LzIwMTgwNS8xMi9xVEdwckJTWS9xVEdwckJTWS5ybXZiWlo=
射精無制限ol,/xiazai/11198.html,https://mmxzqxl1.com/common/yazhou/201805/10/MtpkmdBX/MtpkmdBX.rmvb,thunder://QUFodHRwczovL21teHpxeGwxLmNvbS9jb21tb24veWF6aG91LzIwMTgwNS8xMC9NdHBrbWRCWC9NdHBrbWRCWC5ybXZiWlo=
勃起sex1,/xiazai/11146.html,https://mmxzqxl1.com/common/yazhou/201803/06/53fhs4ww/53fhs4ww.rmvb,thunder://QUFodHRwczovL21teHpxeGwxLmNvbS9jb21tb24veWF6aG91LzIwMTgwMy8wNi81M2ZoczR3dy81M2ZoczR3dy5ybXZiWlo=
美咲,/xiazai/11144.html,https://mmxzqxl1.com/common/yazhou/201803/04/uawaewwu/uawaewwu.rmvb,thunder://QUFodHRwczovL21teHpxeGwxLmNvbS9jb21tb24veWF6aG91LzIwMTgwMy8wNC91YXdhZXd3dS91YXdhZXd3dS5ybXZiWlo=
巨乳sex1,/xiazai/11141.html,https://mmxzqxl1.com/common/yazhou/201803/01/addhyp46/addhyp46.rmvb,thunder://QUFodHRwczovL21teHpxeGwxLmNvbS9jb21tb24veWF6aG91LzIwMTgwMy8wMS9hZGRoeXA0Ni9hZGRoeXA0Ni5ybXZiWlo=
20歳的美少女,/xiazai/11139.html,https://mmxzqxl1.com/common/yazhou/201803/01/xhqspynv/xhqspynv.rmvb,thunder://QUFodHRwczovL21teHpxeGwxLmNvbS9jb21tb24veWF6aG91LzIwMTgwMy8wMS94aHFzcHludi94aHFzcHludi5ybXZiWlo=
成人式,/xiazai/11136.html,https://mmxzqxl1.com/common/yazhou/201802/24/jBxvmtw4/jBxvmtw4.rmvb,thunder://QUFodHRwczovL21teHpxeGwxLmNvbS9jb21tb24veWF6aG91LzIwMTgwMi8yNC9qQnh2bXR3NC9qQnh2bXR3NC5ybXZiWlo=
可愛的義妹,/xiazai/11132.html,https://mmxzqxl1.com/common/yazhou/201802/18/udpCd8NC/udpCd8NC.rmvb,thunder://QUFodHRwczovL21teHpxeGwxLmNvbS9jb21tb24veWF6aG91LzIwMTgwMi8xOC91ZHBDZDhOQy91ZHBDZDhOQy5ybXZiWlo=
快感sex,/xiazai/11129.html,https://mmxzqxl1.com/common/yazhou/201802/20/8QTffX2J/8QTffX2J.rmvb,thunder://QUFodHRwczovL21teHpxeGwxLmNvbS9jb21tb24veWF6aG91LzIwMTgwMi8yMC84UVRmZlgySi84UVRmZlgySi5ybXZiWlo=
韓国少女,/xiazai/11128.html,https://mmxzqxl1.com/common/yazhou/201802/19/PVRB5tHB/PVRB5tHB.rmvb,thunder://QUFodHRwczovL21teHpxeGwxLmNvbS9jb21tb24veWF6aG91LzIwMTgwMi8xOS9QVlJCNXRIQi9QVlJCNXRIQi5ybXZiWlo=
貧乏姉妹中出,/xiazai/11122.html,https://mmxzqxl1.com/common/yazhou/201806/WXoGtW6/WXoGtW6.rmvb,thunder://QUFodHRwczovL21teHpxeGwxLmNvbS9jb21tb24veWF6aG91LzIwMTgwNi9XWG9HdFc2L1dYb0d0VzYucm12Ylpa
著名快遞租賃,/xiazai/11119.html,https://mmxzqxl1.com/common/yazhou/201806/WxSfW25/WxSfW25.rmvb,thunder://QUFodHRwczovL21teHpxeGwxLmNvbS9jb21tb24veWF6aG91LzIwMTgwNi9XeFNmVzI1L1d4U2ZXMjUucm12Ylpa
至高風呂屋,/xiazai/11116.html,https://mmxzqxl1.com/common/yazhou/201806/qQXz4fm/qQXz4fm.rmvb,thunder://QUFodHRwczovL21teHpxeGwxLmNvbS9jb21tb24veWF6aG91LzIwMTgwNi9xUVh6NGZtL3FRWHo0Zm0ucm12Ylpa
放心絶頂,/xiazai/11110.html,https://mmxzqxl1.com/common/yazhou/201806/ZnYsoVc/ZnYsoVc.rmvb,thunder://QUFodHRwczovL21teHpxeGwxLmNvbS9jb21tb24veWF6aG91LzIwMTgwNi9abllzb1ZjL1puWXNvVmMucm12Ylpa
美乳ol,/xiazai/11109.html,https://mmxzqxl1.com/common/yazhou/201806/t9X3Rc7/t9X3Rc7.rmvb,thunder://QUFodHRwczovL21teHpxeGwxLmNvbS9jb21tb24veWF6aG91LzIwMTgwNi90OVgzUmM3L3Q5WDNSYzcucm12Ylpa
絶頂開発オ性交,/xiazai/11107.html,https://mmxzqxl1.com/common/yazhou/201806/beab5dx/beab5dx.rmvb,thunder://QUFodHRwczovL21teHpxeGwxLmNvbS9jb21tb24veWF6aG91LzIwMTgwNi9iZWFiNWR4L2JlYWI1ZHgucm12Ylpa
男孩对大奶子很感兴趣,/xiazai/11106.html,https://mmxzqxl1.com/common/yazhou/201806/4qDECwb/4qDECwb.rmvb,thunder://QUFodHRwczovL21teHpxeGwxLmNvbS9jb21tb24veWF6aG91LzIwMTgwNi80cURFQ3diLzRxREVDd2Iucm12Ylpa
玷汙大嫂的弟弟,/xiazai/11104.html,https://mmxzqxl1.com/common/yazhou/201806/A35axQ9/A35axQ9.rmvb,thunder://QUFodHRwczovL21teHpxeGwxLmNvbS9jb21tb24veWF6aG91LzIwMTgwNi9BMzVheFE5L0EzNWF4UTkucm12Ylpa
深喉嚨的真空口交,/xiazai/11100.html,https://mmxzqxl1.com/common/yazhou/201806/Z6rszkW/Z6rszkW.rmvb,thunder://QUFodHRwczovL21teHpxeGwxLmNvbS9jb21tb24veWF6aG91LzIwMTgwNi9aNnJzemtXL1o2cnN6a1cucm12Ylpa
夫の親族中出未亡人,/xiazai/11099.html,https://mmxzqxl1.com/common/yazhou/201806/PwhBLpY/PwhBLpY.rmvb,thunder://QUFodHRwczovL21teHpxeGwxLmNvbS9jb21tb24veWF6aG91LzIwMTgwNi9Qd2hCTHBZL1B3aEJMcFkucm12Ylpa
每天10發內出不結束的粘著老闆,/xiazai/11095.html,https://mmxzqxl1.com/common/yazhou/201806/8hZfUnl/8hZfUnl.rmvb,thunder://QUFodHRwczovL21teHpxeGwxLmNvbS9jb21tb24veWF6aG91LzIwMTgwNi84aFpmVW5sLzhoWmZVbmwucm12Ylpa
职业女性的出演,/xiazai/36971.html,https://mmxzqxl1.com/common/all/201903/Yn6FT8tb/Yn6FT8tb.rmvb,thunder://QUFodHRwczovL21teHpxeGwxLmNvbS9jb21tb24vYWxsLzIwMTkwMy9ZbjZGVDh0Yi9ZbjZGVDh0Yi5ybXZiWlo=
從午夜到早上,/xiazai/36638.html,https://mmxzqxl1.com/common/all/201901/kbPDDJrA/kbPDDJrA.rmvb,thunder://QUFodHRwczovL21teHpxeGwxLmNvbS9jb21tb24vYWxsLzIwMTkwMS9rYlBEREpyQS9rYlBEREpyQS5ybXZiWlo=
爽到腦袋空白,/xiazai/36637.html,https://mmxzqxl1.com/common/all/201901/pfjBLvb4/pfjBLvb4.rmvb,thunder://QUFodHRwczovL21teHpxeGwxLmNvbS9jb21tb24vYWxsLzIwMTkwMS9wZmpCTHZiNC9wZmpCTHZiNC5ybXZiWlo=
我要離開一個業餘女孩,/xiazai/36503.html,https://mmxzqxl1.com/common/all/201901/dbUQwBNf/dbUQwBNf.rmvb,thunder://QUFodHRwczovL21teHpxeGwxLmNvbS9jb21tb24vYWxsLzIwMTkwMS9kYlVRd0JOZi9kYlVRd0JOZi5ybXZiWlo=
萬一被發現了怎麼辦,/xiazai/36502.html,https://mmxzqxl1.com/common/all/201901/G3j3fBHm/G3j3fBHm.rmvb,thunder://QUFodHRwczovL21teHpxeGwxLmNvbS9jb21tb24vYWxsLzIwMTkwMS9HM2ozZkJIbS9HM2ozZkJIbS5ybXZiWlo=
痛苦地愛我,/xiazai/36405.html,https://mmxzqxl1.com/common/all/201901/vJC3P3tU/vJC3P3tU.rmvb,thunder://QUFodHRwczovL21teHpxeGwxLmNvbS9jb21tb24vYWxsLzIwMTkwMS92SkMzUDN0VS92SkMzUDN0VS5ybXZiWlo=
我抓到她的日子,/xiazai/36404.html,https://mmxzqxl1.com/common/all/201901/jJtN2UsN/jJtN2UsN.rmvb,thunder://QUFodHRwczovL21teHpxeGwxLmNvbS9jb21tb24vYWxsLzIwMTkwMS9qSnROMlVzTi9qSnROMlVzTi5ybXZiWlo=
我朋友的妻子衝進她的房子,/xiazai/36275.html,https://mmxzqxl1.com/common/all/201901/DjkD2XYf/DjkD2XYf.rmvb,thunder://QUFodHRwczovL21teHpxeGwxLmNvbS9jb21tb24vYWxsLzIwMTkwMS9EamtEMlhZZi9EamtEMlhZZi5ybXZiWlo=
強姦目標,/xiazai/36152.html,https://mmxzqxl1.com/common/all/201901/yWbrftcg/yWbrftcg.rmvb,thunder://QUFodHRwczovL21teHpxeGwxLmNvbS9jb21tb24vYWxsLzIwMTkwMS95V2JyZnRjZy95V2JyZnRjZy5ybXZiWlo=
全身謙虛科德的已婚女人,/xiazai/36006.html,https://mmxzqxl1.com/common/all/201901/HnbdkQ62/HnbdkQ62.rmvb,thunder://QUFodHRwczovL21teHpxeGwxLmNvbS9jb21tb24vYWxsLzIwMTkwMS9IbmJka1E2Mi9IbmJka1E2Mi5ybXZiWlo=
忍住蒂亞高超淫技的話就讓你無套內射,/xiazai/35881.html,https://mmxzqxl1.com/common/all/201901/4nKytNEa/4nKytNEa.rmvb,thunder://QUFodHRwczovL21teHpxeGwxLmNvbS9jb21tb24vYWxsLzIwMTkwMS80bkt5dE5FYS80bkt5dE5FYS5ybXZiWlo=
在很長一段時間裡都經歷了嚴重的生存,/xiazai/35734.html,https://mmxzqxl1.com/common/all/201901/fPyKF64G/fPyKF64G.rmvb,thunder://QUFodHRwczovL21teHpxeGwxLmNvbS9jb21tb24vYWxsLzIwMTkwMS9mUHlLRjY0Ry9mUHlLRjY0Ry5ybXZiWlo=
為了老公成為假人,/xiazai/35606.html,https://mmxzqxl1.com/common/all/201901/ygKTBCXR/ygKTBCXR.rmvb,thunder://QUFodHRwczovL21teHpxeGwxLmNvbS9jb21tb24vYWxsLzIwMTkwMS95Z0tUQkNYUi95Z0tUQkNYUi5ybXZiWlo=
無套中出首度解禁,/xiazai/35463.html,https://mmxzqxl1.com/common/all/201901/nRMgjbPA/nRMgjbPA.rmvb,thunder://QUFodHRwczovL21teHpxeGwxLmNvbS9jb21tb24vYWxsLzIwMTkwMS9uUk1namJQQS9uUk1namJQQS5ybXZiWlo=
寫真天王來幹4砲,/xiazai/35337.html,https://mmxzqxl1.com/common/all/201901/eYycLv7d/eYycLv7d.rmvb,thunder://QUFodHRwczovL21teHpxeGwxLmNvbS9jb21tb24vYWxsLzIwMTkwMS9lWXljTHY3ZC9lWXljTHY3ZC5ybXZiWlo=
胸部漂亮的人,/xiazai/35191.html,https://mmxzqxl1.com/common/all/201901/Dw86fVMk/Dw86fVMk.rmvb,thunder://QUFodHRwczovL21teHpxeGwxLmNvbS9jb21tb24vYWxsLzIwMTkwMS9Edzg2ZlZNay9Edzg2ZlZNay5ybXZiWlo=
在僧侶中有著名的超然風格的正文,/xiazai/35061.html,https://mmxzqxl1.com/common/all/201901/2wqRJxLd/2wqRJxLd.rmvb,thunder://QUFodHRwczovL21teHpxeGwxLmNvbS9jb21tb24vYWxsLzIwMTkwMS8yd3FSSnhMZC8yd3FSSnhMZC5ybXZiWlo=
因失禁的羞恥而高潮的爆乳美容師,/xiazai/34912.html,https://mmxzqxl1.com/common/all/201901/sq7cfqwp/sq7cfqwp.rmvb,thunder://QUFodHRwczovL21teHpxeGwxLmNvbS9jb21tb24vYWxsLzIwMTkwMS9zcTdjZnF3cC9zcTdjZnF3cC5ybXZiWlo=
艾玉月變成了新秀公主,/xiazai/34794.html,https://mmxzqxl1.com/common/all/201901/hUKQfnjs/hUKQfnjs.rmvb,thunder://QUFodHRwczovL21teHpxeGwxLmNvbS9jb21tb24vYWxsLzIwMTkwMS9oVUtRZm5qcy9oVUtRZm5qcy5ybXZiWlo=
用稚嫩話語渴求肉棒的性慾旺盛淫亂性交,/xiazai/34650.html,https://mmxzqxl1.com/common/all/201901/HkL6cMuU/HkL6cMuU.rmvb,thunder://QUFodHRwczovL21teHpxeGwxLmNvbS9jb21tb24vYWxsLzIwMTkwMS9Ia0w2Y011VS9Ia0w2Y011VS5ybXZiWlo=
保险夫人,/xiazai/11194.html,https://mmxzqxl1.com/common/yazhou/201805/10/xMGQURSp/xMGQURSp.rmvb,thunder://QUFodHRwczovL21teHpxeGwxLmNvbS9jb21tb24veWF6aG91LzIwMTgwNS8xMC94TUdRVVJTcC94TUdRVVJTcC5ybXZiWlo=
私通的妻子,/xiazai/11190.html,https://mmxzqxl1.com/common/yazhou/201805/09/RcvkQJVP/RcvkQJVP.rmvb,thunder://QUFodHRwczovL21teHpxeGwxLmNvbS9jb21tb24veWF6aG91LzIwMTgwNS8wOS9SY3ZrUUpWUC9SY3ZrUUpWUC5ybXZiWlo=
妄想sex,/xiazai/11189.html,https://mmxzqxl1.com/common/yazhou/201805/09/uqeBVHcD/uqeBVHcD.rmvb,thunder://QUFodHRwczovL21teHpxeGwxLmNvbS9jb21tb24veWF6aG91LzIwMTgwNS8wOS91cWVCVkhjRC91cWVCVkhjRC5ybXZiWlo=
無制限射精,/xiazai/11185.html,https://mmxzqxl1.com/common/yazhou/201805/07/JkUhKhYU/JkUhKhYU.rmvb,thunder://QUFodHRwczovL21teHpxeGwxLmNvbS9jb21tb24veWF6aG91LzIwMTgwNS8wNy9Ka1VoS2hZVS9Ka1VoS2hZVS5ybXZiWlo=
巨乳女子校生ol,/xiazai/11183.html,https://mmxzqxl1.com/common/yazhou/201805/07/pWKpxUUd/pWKpxUUd.rmvb,thunder://QUFodHRwczovL21teHpxeGwxLmNvbS9jb21tb24veWF6aG91LzIwMTgwNS8wNy9wV0tweFVVZC9wV0tweFVVZC5ybXZiWlo=
愛妻,/xiazai/11182.html,https://mmxzqxl1.com/common/yazhou/201805/05/qbVnpWtk/qbVnpWtk.rmvb,thunder://QUFodHRwczovL21teHpxeGwxLmNvbS9jb21tb24veWF6aG91LzIwMTgwNS8wNS9xYlZucFd0ay9xYlZucFd0ay5ybXZiWlo=
主婦美人,/xiazai/11181.html,https://mmxzqxl1.com/common/yazhou/201805/04/SSYrXgSp/SSYrXgSp.rmvb,thunder://QUFodHRwczovL21teHpxeGwxLmNvbS9jb21tb24veWF6aG91LzIwMTgwNS8wNC9TU1lyWGdTcC9TU1lyWGdTcC5ybXZiWlo=
有名角色扮演者,/xiazai/11176.html,https://mmxzqxl1.com/common/yazhou/201805/03/bcjKXpvr/bcjKXpvr.rmvb,thunder://QUFodHRwczovL21teHpxeGwxLmNvbS9jb21tb24veWF6aG91LzIwMTgwNS8wMy9iY2pLWHB2ci9iY2pLWHB2ci5ybXZiWlo=
危險日中出ol,/xiazai/11173.html,https://mmxzqxl1.com/common/yazhou/201805/03/WEmGGnXK/WEmGGnXK.rmvb,thunder://QUFodHRwczovL21teHpxeGwxLmNvbS9jb21tb24veWF6aG91LzIwMTgwNS8wMy9XRW1HR25YSy9XRW1HR25YSy5ybXZiWlo=
全裸的惡作劇,/xiazai/11171.html,https://mmxzqxl1.com/common/yazhou/201805/02/SrUsnCvq/SrUsnCvq.rmvb,thunder://QUFodHRwczovL21teHpxeGwxLmNvbS9jb21tb24veWF6aG91LzIwMTgwNS8wMi9TclVzbkN2cS9TclVzbkN2cS5ybXZiWlo=
治療男人們技能熟練,/xiazai/11168.html,https://mmxzqxl1.com/common/yazhou/201805/01/TQWTMexv/TQWTMexv.rmvb,thunder://QUFodHRwczovL21teHpxeGwxLmNvbS9jb21tb24veWF6aG91LzIwMTgwNS8wMS9UUVdUTWV4di9UUVdUTWV4di5ybXZiWlo=
超絶品ol,/xiazai/11166.html,https://mmxzqxl1.com/common/yazhou/201804/24/JcaMpPbV/JcaMpPbV.rmvb,thunder://QUFodHRwczovL21teHpxeGwxLmNvbS9jb21tb24veWF6aG91LzIwMTgwNC8yNC9KY2FNcFBiVi9KY2FNcFBiVi5ybXZiWlo=
口内射精ol,/xiazai/11165.html,https://mmxzqxl1.com/common/yazhou/201804/29/pXsTPhcF/pXsTPhcF.rmvb,thunder://QUFodHRwczovL21teHpxeGwxLmNvbS9jb21tb24veWF6aG91LzIwMTgwNC8yOS9wWHNUUGhjRi9wWHNUUGhjRi5ybXZiWlo=
潮吹中出,/xiazai/11161.html,https://mmxzqxl1.com/common/yazhou/201804/12/bLYHmkcw/bLYHmkcw.rmvb,thunder://QUFodHRwczovL21teHpxeGwxLmNvbS9jb21tb24veWF6aG91LzIwMTgwNC8xMi9iTFlIbWtjdy9iTFlIbWtjdy5ybXZiWlo=
出走的少女,/xiazai/11160.html,https://mmxzqxl1.com/common/yazhou/201804/11/DwjbWAhJ/DwjbWAhJ.rmvb,thunder://QUFodHRwczovL21teHpxeGwxLmNvbS9jb21tb24veWF6aG91LzIwMTgwNC8xMS9Ed2piV0FoSi9Ed2piV0FoSi5ybXZiWlo=
浓密的性爱,/xiazai/11158.html,https://mmxzqxl1.com/common/yazhou/201803/09/aesc4377/aesc4377.rmvb,thunder://QUFodHRwczovL21teHpxeGwxLmNvbS9jb21tb24veWF6aG91LzIwMTgwMy8wOS9hZXNjNDM3Ny9hZXNjNDM3Ny5ybXZiWlo=
口交9,/xiazai/11156.html,https://mmxzqxl1.com/common/yazhou/201804/02/cqstwXqD/cqstwXqD.rmvb,thunder://QUFodHRwczovL21teHpxeGwxLmNvbS9jb21tb24veWF6aG91LzIwMTgwNC8wMi9jcXN0d1hxRC9jcXN0d1hxRC5ybXZiWlo=
男上司女部下来挑战按摩疗法,/xiazai/11153.html,https://mmxzqxl1.com/common/yazhou/201803/09/xyuwsmqt/xyuwsmqt.rmvb,thunder://QUFodHRwczovL21teHpxeGwxLmNvbS9jb21tb24veWF6aG91LzIwMTgwMy8wOS94eXV3c21xdC94eXV3c21xdC5ybXZiWlo=
絶頂ol,/xiazai/11148.html,https://mmxzqxl1.com/common/yazhou/201803/08/5xctaf7j/5xctaf7j.rmvb,thunder://QUFodHRwczovL21teHpxeGwxLmNvbS9jb21tb24veWF6aG91LzIwMTgwMy8wOC81eGN0YWY3ai81eGN0YWY3ai5ybXZiWlo=
快感射精,/xiazai/11147.html,https://mmxzqxl1.com/common/yazhou/201803/07/5g8d3r6w/5g8d3r6w.rmvb,thunder://QUFodHRwczovL21teHpxeGwxLmNvbS9jb21tb24veWF6aG91LzIwMTgwMy8wNy81ZzhkM3I2dy81ZzhkM3I2dy5ybXZiWlo=
極の映像27人,/xiazai/11092.html,https://mmxzqxl1.com/common/yazhou/201806/lLo4WRT/lLo4WRT.rmvb,thunder://QUFodHRwczovL21teHpxeGwxLmNvbS9jb21tb24veWF6aG91LzIwMTgwNi9sTG80V1JUL2xMbzRXUlQucm12Ylpa
本能淫慾快楽,/xiazai/11089.html,https://mmxzqxl1.com/common/yazhou/201806/fc2mA5p/fc2mA5p.rmvb,thunder://QUFodHRwczovL21teHpxeGwxLmNvbS9jb21tb24veWF6aG91LzIwMTgwNi9mYzJtQTVwL2ZjMm1BNXAucm12Ylpa
惡作劇初美沙希,/xiazai/11088.html,https://mmxzqxl1.com/common/yazhou/201806/cytxVEE/cytxVEE.rmvb,thunder://QUFodHRwczovL21teHpxeGwxLmNvbS9jb21tb24veWF6aG91LzIwMTgwNi9jeXR4VkVFL2N5dHhWRUUucm12Ylpa
微醺性愛長谷川美久,/xiazai/11087.html,https://mmxzqxl1.com/common/yazhou/201806/H1TirlC/H1TirlC.rmvb,thunder://QUFodHRwczovL21teHpxeGwxLmNvbS9jb21tb24veWF6aG91LzIwMTgwNi9IMVRpcmxDL0gxVGlybEMucm12Ylpa
從正面瞄準巨乳姑姑的身體,/xiazai/11083.html,https://mmxzqxl1.com/common/yazhou/201806/jD62OkB/jD62OkB.rmvb,thunder://QUFodHRwczovL21teHpxeGwxLmNvbS9jb21tb24veWF6aG91LzIwMTgwNi9qRDYyT2tCL2pENjJPa0Iucm12Ylpa
彻底多折磨特别,/xiazai/11077.html,https://mmxzqxl1.com/common/yazhou/201806/S19Qq7q/S19Qq7q.rmvb,thunder://QUFodHRwczovL21teHpxeGwxLmNvbS9jb21tb24veWF6aG91LzIwMTgwNi9TMTlRcTdxL1MxOVFxN3Eucm12Ylpa
引退之前臨終的電視劇凌辱有能力上司,/xiazai/11076.html,https://mmxzqxl1.com/common/yazhou/201806/qqf4Kvk/qqf4Kvk.rmvb,thunder://QUFodHRwczovL21teHpxeGwxLmNvbS9jb21tb24veWF6aG91LzIwMTgwNi9xcWY0S3ZrL3FxZjRLdmsucm12Ylpa
性交天使,/xiazai/11073.html,https://mmxzqxl1.com/common/yazhou/201806/S2avuIm/S2avuIm.rmvb,thunder://QUFodHRwczovL21teHpxeGwxLmNvbS9jb21tb24veWF6aG91LzIwMTgwNi9TMmF2dUltL1MyYXZ1SW0ucm12Ylpa
因为在玩捉迷藏而进来我房间,/xiazai/11071.html,https://mmxzqxl1.com/common/yazhou/201806/adkZLfM/adkZLfM.rmvb,thunder://QUFodHRwczovL21teHpxeGwxLmNvbS9jb21tb24veWF6aG91LzIwMTgwNi9hZGtaTGZNL2Fka1pMZk0ucm12Ylpa
明日花,/xiazai/11069.html,https://mmxzqxl1.com/common/yazhou/201802/16/RNdh2AKD/RNdh2AKD.rmvb,thunder://QUFodHRwczovL21teHpxeGwxLmNvbS9jb21tb24veWF6aG91LzIwMTgwMi8xNi9STmRoMkFLRC9STmRoMkFLRC5ybXZiWlo=
回春旅館,/xiazai/11067.html,https://mmxzqxl1.com/common/yazhou/201802/15/A2BRKm46/A2BRKm46.rmvb,thunder://QUFodHRwczovL21teHpxeGwxLmNvbS9jb21tb24veWF6aG91LzIwMTgwMi8xNS9BMkJSS200Ni9BMkJSS200Ni5ybXZiWlo=
労働者様,/xiazai/11062.html,https://mmxzqxl1.com/common/yazhou/201802/15/NjYLTBpt/NjYLTBpt.rmvb,thunder://QUFodHRwczovL21teHpxeGwxLmNvbS9jb21tb24veWF6aG91LzIwMTgwMi8xNS9OallMVEJwdC9OallMVEJwdC5ybXZiWlo=
小悪魔sex,/xiazai/11059.html,https://mmxzqxl1.com/common/yazhou/201802/14/xhxWKRxg/xhxWKRxg.rmvb,thunder://QUFodHRwczovL21teHpxeGwxLmNvbS9jb21tb24veWF6aG91LzIwMTgwMi8xNC94aHhXS1J4Zy94aHhXS1J4Zy5ybXZiWlo=
被侵犯的游泳教練,/xiazai/11058.html,https://mmxzqxl1.com/common/yazhou/201802/09/uFEdQnrK/uFEdQnrK.rmvb,thunder://QUFodHRwczovL21teHpxeGwxLmNvbS9jb21tb24veWF6aG91LzIwMTgwMi8wOS91RkVkUW5ySy91RkVkUW5ySy5ybXZiWlo=
中出SEX的雛妓俱樂部,/xiazai/11055.html,https://mmxzqxl1.com/common/yazhou/201802/08/6h8kWDCj/6h8kWDCj.rmvb,thunder://QUFodHRwczovL21teHpxeGwxLmNvbS9jb21tb24veWF6aG91LzIwMTgwMi8wOC82aDhrV0RDai82aDhrV0RDai5ybXZiWlo=
超巨根性交的女人們,/xiazai/11053.html,https://mmxzqxl1.com/common/yazhou/201802/07/NAndXLTB/NAndXLTB.rmvb,thunder://QUFodHRwczovL21teHpxeGwxLmNvbS9jb21tb24veWF6aG91LzIwMTgwMi8wNy9OQW5kWExUQi9OQW5kWExUQi5ybXZiWlo=
人妻sex1,/xiazai/11050.html,https://mmxzqxl1.com/common/yazhou/201802/06/68gemYcm/68gemYcm.rmvb,thunder://QUFodHRwczovL21teHpxeGwxLmNvbS9jb21tb24veWF6aG91LzIwMTgwMi8wNi82OGdlbVljbS82OGdlbVljbS5ybXZiWlo=
素人AVsex,/xiazai/11048.html,https://mmxzqxl1.com/common/yazhou/201802/04/Tba4248X/Tba4248X.rmvb,thunder://QUFodHRwczovL21teHpxeGwxLmNvbS9jb21tb24veWF6aG91LzIwMTgwMi8wNC9UYmE0MjQ4WC9UYmE0MjQ4WC5ybXZiWlo=
高級COSPLAY裝扮泰國浴,/xiazai/11042.html,https://mmxzqxl1.com/common/yazhou/201802/03/7CNGqEga/7CNGqEga.rmvb,thunder://QUFodHRwczovL21teHpxeGwxLmNvbS9jb21tb24veWF6aG91LzIwMTgwMi8wMy83Q05HcUVnYS83Q05HcUVnYS5ybXZiWlo=
巨乳媽媽,/xiazai/11040.html,https://mmxzqxl1.com/common/yazhou/201801/18/FFbVVDNV/FFbVVDNV.rmvb,thunder://QUFodHRwczovL21teHpxeGwxLmNvbS9jb21tb24veWF6aG91LzIwMTgwMS8xOC9GRmJWVkROVi9GRmJWVkROVi5ybXZiWlo=
一个偶像的狂喜导致一个人射入巨大的射精,/xiazai/40686.html,https://mmxzqxl1.com/common/all/201903/yBbksfmt/yBbksfmt.rmvb,thunder://QUFodHRwczovL21teHpxeGwxLmNvbS9jb21tb24vYWxsLzIwMTkwMy95QmJrc2ZtdC95QmJrc2ZtdC5ybXZiWlo=
和同事在出差地的旅馆秘密的私通,/xiazai/40685.html,https://mmxzqxl1.com/common/all/201903/RhpAdVb8/RhpAdVb8.rmvb,thunder://QUFodHRwczovL21teHpxeGwxLmNvbS9jb21tb24vYWxsLzIwMTkwMy9SaHBBZFZiOC9SaHBBZFZiOC5ybXZiWlo=
美巨乳姐姐的爆炸狂风正式演出,/xiazai/40564.html,https://mmxzqxl1.com/common/all/201903/bgm3x3hT/bgm3x3hT.rmvb,thunder://QUFodHRwczovL21teHpxeGwxLmNvbS9jb21tb24vYWxsLzIwMTkwMy9iZ20zeDNoVC9iZ20zeDNoVC5ybXZiWlo=
美丽的大学生的白板纯净的女儿,/xiazai/40563.html,https://mmxzqxl1.com/common/all/201903/dew8kfU4/dew8kfU4.rmvb,thunder://QUFodHRwczovL21teHpxeGwxLmNvbS9jb21tb24vYWxsLzIwMTkwMy9kZXc4a2ZVNC9kZXc4a2ZVNC5ybXZiWlo=
成为一个理想的妈妈,/xiazai/40484.html,https://mmxzqxl1.com/common/all/201903/MhYVwtu3/MhYVwtu3.rmvb,thunder://QUFodHRwczovL21teHpxeGwxLmNvbS9jb21tb24vYWxsLzIwMTkwMy9NaFlWd3R1My9NaFlWd3R1My5ybXZiWlo=
老男人和年轻女人的乱伦,/xiazai/40483.html,https://mmxzqxl1.com/common/all/201903/ccKxs5YQ/ccKxs5YQ.rmvb,thunder://QUFodHRwczovL21teHpxeGwxLmNvbS9jb21tb24vYWxsLzIwMTkwMy9jY0t4czVZUS9jY0t4czVZUS5ybXZiWlo=
来日電撃,/xiazai/40482.html,https://mmxzqxl1.com/common/all/201903/JKe4uwBS/JKe4uwBS.rmvb,thunder://QUFodHRwczovL21teHpxeGwxLmNvbS9jb21tb24vYWxsLzIwMTkwMy9KS2U0dXdCUy9KS2U0dXdCUy5ybXZiWlo=
被开发的淫荡的性感治疗法,/xiazai/40358.html,https://mmxzqxl1.com/common/all/201903/m2m2cdhJ/m2m2cdhJ.rmvb,thunder://QUFodHRwczovL21teHpxeGwxLmNvbS9jb21tb24vYWxsLzIwMTkwMy9tMm0yY2RoSi9tMm0yY2RoSi5ybXZiWlo=
射精的天才,/xiazai/40357.html,https://mmxzqxl1.com/common/all/201903/sAVR3LFD/sAVR3LFD.rmvb,thunder://QUFodHRwczovL21teHpxeGwxLmNvbS9jb21tb24vYWxsLzIwMTkwMy9zQVZSM0xGRC9zQVZSM0xGRC5ybXZiWlo=
巨乳义姐与香皂体验,/xiazai/40264.html,https://mmxzqxl1.com/common/all/201903/MQjKR3mh/MQjKR3mh.rmvb,thunder://QUFodHRwczovL21teHpxeGwxLmNvbS9jb21tb24vYWxsLzIwMTkwMy9NUWpLUjNtaC9NUWpLUjNtaC5ybXZiWlo=
用浓厚的精子使禁欲女发狂的追击,/xiazai/40263.html,https://mmxzqxl1.com/common/all/201903/hXFPDauP/hXFPDauP.rmvb,thunder://QUFodHRwczovL21teHpxeGwxLmNvbS9jb21tb24vYWxsLzIwMTkwMy9oWEZQRGF1UC9oWEZQRGF1UC5ybXZiWlo=
今天也是继父玩具,/xiazai/40154.html,https://mmxzqxl1.com/common/all/201903/3Y246xPU/3Y246xPU.rmvb,thunder://QUFodHRwczovL21teHpxeGwxLmNvbS9jb21tb24vYWxsLzIwMTkwMy8zWTI0NnhQVS8zWTI0NnhQVS5ybXZiWlo=
妻子出轨的时候,/xiazai/40153.html,https://mmxzqxl1.com/common/all/201903/jknKcCnp/jknKcCnp.rmvb,thunder://QUFodHRwczovL21teHpxeGwxLmNvbS9jb21tb24vYWxsLzIwMTkwMy9qa25LY0NucC9qa25LY0NucC5ybXZiWlo=
河北彩花生涯初ー性交,/xiazai/40059.html,https://mmxzqxl1.com/common/all/201903/56JBx6BF/56JBx6BF.rmvb,thunder://QUFodHRwczovL21teHpxeGwxLmNvbS9jb21tb24vYWxsLzIwMTkwMy81NkpCeDZCRi81NkpCeDZCRi5ybXZiWlo=
合资赠送的非常H的场景,/xiazai/40058.html,https://mmxzqxl1.com/common/all/201903/LKEnDequ/LKEnDequ.rmvb,thunder://QUFodHRwczovL21teHpxeGwxLmNvbS9jb21tb24vYWxsLzIwMTkwMy9MS0VuRGVxdS9MS0VuRGVxdS5ybXZiWlo=
中年的父亲,/xiazai/39948.html,https://mmxzqxl1.com/common/all/201903/LpXNgfnR/LpXNgfnR.rmvb,thunder://QUFodHRwczovL21teHpxeGwxLmNvbS9jb21tb24vYWxsLzIwMTkwMy9McFhOZ2ZuUi9McFhOZ2ZuUi5ybXZiWlo=
有父亲的母亲和儿子出去做爱,/xiazai/39947.html,https://mmxzqxl1.com/common/all/201903/mUjsUjYY/mUjsUjYY.rmvb,thunder://QUFodHRwczovL21teHpxeGwxLmNvbS9jb21tb24vYWxsLzIwMTkwMy9tVWpzVWpZWS9tVWpzVWpZWS5ybXZiWlo=
秘密我不能对我的丈夫说,/xiazai/39853.html,https://mmxzqxl1.com/common/all/201903/hpv8Dcth/hpv8Dcth.rmvb,thunder://QUFodHRwczovL21teHpxeGwxLmNvbS9jb21tb24vYWxsLzIwMTkwMy9ocHY4RGN0aC9ocHY4RGN0aC5ybXZiWlo=
性侄女,/xiazai/39852.html,https://mmxzqxl1.com/common/all/201903/gMjkTUt3/gMjkTUt3.rmvb,thunder://QUFodHRwczovL21teHpxeGwxLmNvbS9jb21tb24vYWxsLzIwMTkwMy9nTWprVFV0My9nTWprVFV0My5ybXZiWlo=
海关第一次体验服务,/xiazai/39743.html,https://mmxzqxl1.com/common/all/201903/QXUw5jQV/QXUw5jQV.rmvb,thunder://QUFodHRwczovL21teHpxeGwxLmNvbS9jb21tb24vYWxsLzIwMTkwMy9RWFV3NWpRVi9RWFV3NWpRVi5ybXZiWlo=
知道快樂點的大師,/xiazai/32289.html,https://mmxzqxl1.com/common/all/201901/48aXKMbg/48aXKMbg.rmvb,thunder://QUFodHRwczovL21teHpxeGwxLmNvbS9jb21tb24vYWxsLzIwMTkwMS80OGFYS01iZy80OGFYS01iZy5ybXZiWlo=
恋人坂井優羽,/xiazai/32174.html,https://mmxzqxl1.com/common/all/201901/t5b6LgMg/t5b6LgMg.rmvb,thunder://QUFodHRwczovL21teHpxeGwxLmNvbS9jb21tb24vYWxsLzIwMTkwMS90NWI2TGdNZy90NWI2TGdNZy5ybXZiWlo=
理想的姐姐,/xiazai/32067.html,https://mmxzqxl1.com/common/all/201901/knbF2B4E/knbF2B4E.rmvb,thunder://QUFodHRwczovL21teHpxeGwxLmNvbS9jb21tb24vYWxsLzIwMTkwMS9rbmJGMkI0RS9rbmJGMkI0RS5ybXZiWlo=
豐滿的大姐,/xiazai/31942.html,https://mmxzqxl1.com/common/all/201901/TN5jbeWb/TN5jbeWb.rmvb,thunder://QUFodHRwczovL21teHpxeGwxLmNvbS9jb21tb24vYWxsLzIwMTkwMS9UTjVqYmVXYi9UTjVqYmVXYi5ybXZiWlo=
與商務旅行目的地的同事保密的保密事物,/xiazai/31828.html,https://mmxzqxl1.com/common/all/201901/WyADBGDp/WyADBGDp.rmvb,thunder://QUFodHRwczovL21teHpxeGwxLmNvbS9jb21tb24vYWxsLzIwMTkwMS9XeUFEQkdEcC9XeUFEQkdEcC5ybXZiWlo=
大山雀身體1天H次,/xiazai/31689.html,https://mmxzqxl1.com/common/all/201812/UNCdPwC/UNCdPwC.rmvb,thunder://QUFodHRwczovL21teHpxeGwxLmNvbS9jb21tb24vYWxsLzIwMTgxMi9VTkNkUHdDL1VOQ2RQd0Mucm12Ylpa
男監禁後宮逆中出拷問,/xiazai/31560.html,https://mmxzqxl1.com/common/all/201812/mYSEgwL/mYSEgwL.rmvb,thunder://QUFodHRwczovL21teHpxeGwxLmNvbS9jb21tb24vYWxsLzIwMTgxMi9tWVNFZ3dML21ZU0Vnd0wucm12Ylpa
一對夫婦帶著一對夫婦騎MM,/xiazai/31445.html,https://mmxzqxl1.com/common/all/201812/pGfQcPw/pGfQcPw.rmvb,thunder://QUFodHRwczovL21teHpxeGwxLmNvbS9jb21tb24vYWxsLzIwMTgxMi9wR2ZRY1B3L3BHZlFjUHcucm12Ylpa
你的早晨開始匆忙,/xiazai/31345.html,https://mmxzqxl1.com/common/all/201812/YtVxkGV/YtVxkGV.rmvb,thunder://QUFodHRwczovL21teHpxeGwxLmNvbS9jb21tb24vYWxsLzIwMTgxMi9ZdFZ4a0dWL1l0VnhrR1Yucm12Ylpa
誘惑你,/xiazai/31214.html,https://mmxzqxl1.com/common/all/201812/RnqncqN/RnqncqN.rmvb,thunder://QUFodHRwczovL21teHpxeGwxLmNvbS9jb21tb24vYWxsLzIwMTgxMi9SbnFuY3FOL1JucW5jcU4ucm12Ylpa
首次亮相七週年紀念租賃,/xiazai/31144.html,https://mmxzqxl1.com/common/all/201812/EwRkkvV/EwRkkvV.rmvb,thunder://QUFodHRwczovL21teHpxeGwxLmNvbS9jb21tb24vYWxsLzIwMTgxMi9Fd1Jra3ZWL0V3UmtrdlYucm12Ylpa
自登場以來最尷尬，最大膽的第一輛車,/xiazai/31036.html,https://mmxzqxl1.com/common/all/201812/eeAfJNp/eeAfJNp.rmvb,thunder://QUFodHRwczovL21teHpxeGwxLmNvbS9jb21tb24vYWxsLzIwMTgxMi9lZUFmSk5wL2VlQWZKTnAucm12Ylpa
暨中出肛門,/xiazai/30932.html,https://mmxzqxl1.com/common/all/201812/BCxDhGm/BCxDhGm.rmvb,thunder://QUFodHRwczovL21teHpxeGwxLmNvbS9jb21tb24vYWxsLzIwMTgxMi9CQ3hEaEdtL0JDeERoR20ucm12Ylpa
愛是一個赤裸裸的擦身體,/xiazai/30802.html,https://mmxzqxl1.com/common/all/201812/PrBkAJV/PrBkAJV.rmvb,thunder://QUFodHRwczovL21teHpxeGwxLmNvbS9jb21tb24vYWxsLzIwMTgxMi9QckJrQUpWL1ByQmtBSlYucm12Ylpa
大乳房L杯120厘米,/xiazai/30695.html,https://mmxzqxl1.com/common/all/201812/qeagsak/qeagsak.rmvb,thunder://QUFodHRwczovL21teHpxeGwxLmNvbS9jb21tb24vYWxsLzIwMTgxMi9xZWFnc2FrL3FlYWdzYWsucm12Ylpa
嚴重壹岐,/xiazai/30580.html,https://mmxzqxl1.com/common/all/201812/wbEEuAC/wbEEuAC.rmvb,thunder://QUFodHRwczovL21teHpxeGwxLmNvbS9jb21tb24vYWxsLzIwMTgxMi93YkVFdUFDL3diRUV1QUMucm12Ylpa
我知道她從東京轉學的真正原因,/xiazai/30108.html,https://mmxzqxl1.com/common/all/201812/eJDjJRm/eJDjJRm.rmvb,thunder://QUFodHRwczovL21teHpxeGwxLmNvbS9jb21tb24vYWxsLzIwMTgxMi9lSkRqSlJtL2VKRGpKUm0ucm12Ylpa
场感十足的巨乳美女肉搏战,/xiazai/29892.html,https://mmxzqxl1.com/common/all/201812/NhsWEhW/NhsWEhW.rmvb,thunder://QUFodHRwczovL21teHpxeGwxLmNvbS9jb21tb24vYWxsLzIwMTgxMi9OaHNXRWhXL05oc1dFaFcucm12Ylpa
小悪魔姪子温泉旅行,/xiazai/29795.html,https://mmxzqxl1.com/common/all/201812/tvUDNSQ/tvUDNSQ.rmvb,thunder://QUFodHRwczovL21teHpxeGwxLmNvbS9jb21tb24vYWxsLzIwMTgxMi90dlVETlNRL3R2VUROU1Eucm12Ylpa
出现超美熟女北条麻妃露肢体,/xiazai/29676.html,https://mmxzqxl1.com/common/all/201812/LGeVNvc/LGeVNvc.rmvb,thunder://QUFodHRwczovL21teHpxeGwxLmNvbS9jb21tb24vYWxsLzIwMTgxMi9MR2VWTnZjL0xHZVZOdmMucm12Ylpa
妻子的慾望,/xiazai/10840.html,https://mmxzqxl1.com/common/yazhou/201711/26/ysEKmVk8/ysEKmVk8.rmvb,thunder://QUFodHRwczovL21teHpxeGwxLmNvbS9jb21tb24veWF6aG91LzIwMTcxMS8yNi95c0VLbVZrOC95c0VLbVZrOC5ybXZiWlo=
妻子的秘密02,/xiazai/10836.html,https://mmxzqxl1.com/common/yazhou/201711/26/H6m838Nr/H6m838Nr.rmvb,thunder://QUFodHRwczovL21teHpxeGwxLmNvbS9jb21tb24veWF6aG91LzIwMTcxMS8yNi9INm04MzhOci9INm04MzhOci5ybXZiWlo=
清純可愛美眉中出,/xiazai/10835.html,https://mmxzqxl1.com/common/yazhou/201711/25/uwFMktYT/uwFMktYT.rmvb,thunder://QUFodHRwczovL21teHpxeGwxLmNvbS9jb21tb24veWF6aG91LzIwMTcxMS8yNS91d0ZNa3RZVC91d0ZNa3RZVC5ybXZiWlo=
肉食系女子,/xiazai/10832.html,https://mmxzqxl1.com/common/biantai/201711/24/g3hpeBMs/g3hpeBMs.rmvb,thunder://QUFodHRwczovL21teHpxeGwxLmNvbS9jb21tb24vYmlhbnRhaS8yMDE3MTEvMjQvZzNocGVCTXMvZzNocGVCTXMucm12Ylpa
人妻女教師OL,/xiazai/10828.html,https://mmxzqxl1.com/common/yazhou/201711/23/mJ4cuUrB/mJ4cuUrB.rmvb,thunder://QUFodHRwczovL21teHpxeGwxLmNvbS9jb21tb24veWF6aG91LzIwMTcxMS8yMy9tSjRjdVVyQi9tSjRjdVVyQi5ybXZiWlo=
我的同事在出差,/xiazai/10827.html,https://mmxzqxl1.com/common/yazhou/201711/22/tmr2pJgq/tmr2pJgq.rmvb,thunder://QUFodHRwczovL21teHpxeGwxLmNvbS9jb21tb24veWF6aG91LzIwMTcxMS8yMi90bXIycEpncS90bXIycEpncS5ybXZiWlo=
女子新入,/xiazai/10825.html,https://mmxzqxl1.com/common/yazhou/201711/22/cKkt765q/cKkt765q.rmvb,thunder://QUFodHRwczovL21teHpxeGwxLmNvbS9jb21tb24veWF6aG91LzIwMTcxMS8yMi9jS2t0NzY1cS9jS2t0NzY1cS5ybXZiWlo=
內衣模特兒,/xiazai/10823.html,https://mmxzqxl1.com/common/yazhou/201711/20/uk4BcwRg/uk4BcwRg.rmvb,thunder://QUFodHRwczovL21teHpxeGwxLmNvbS9jb21tb24veWF6aG91LzIwMTcxMS8yMC91azRCY3dSZy91azRCY3dSZy5ybXZiWlo=
AV出演OL,/xiazai/10819.html,https://mmxzqxl1.com/common/yazhou/201711/18/J3PtbHJQ/J3PtbHJQ.rmvb,thunder://QUFodHRwczovL21teHpxeGwxLmNvbS9jb21tb24veWF6aG91LzIwMTcxMS8xOC9KM1B0YkhKUS9KM1B0YkhKUS5ybXZiWlo=
中出AV,/xiazai/10817.html,https://mmxzqxl1.com/common/yazhou/201711/18/Ed43s4fE/Ed43s4fE.rmvb,thunder://QUFodHRwczovL21teHpxeGwxLmNvbS9jb21tb24veWF6aG91LzIwMTcxMS8xOC9FZDQzczRmRS9FZDQzczRmRS5ybXZiWlo=
誘惑OL,/xiazai/10815.html,https://mmxzqxl1.com/common/yazhou/201711/15/tCvYLGhq/tCvYLGhq.rmvb,thunder://QUFodHRwczovL21teHpxeGwxLmNvbS9jb21tb24veWF6aG91LzIwMTcxMS8xNS90Q3ZZTEdocS90Q3ZZTEdocS5ybXZiWlo=
只屬於我的巨乳媽媽,/xiazai/10810.html,https://mmxzqxl1.com/common/yazhou/201711/14/b54Aud8m/b54Aud8m.rmvb,thunder://QUFodHRwczovL21teHpxeGwxLmNvbS9jb21tb24veWF6aG91LzIwMTcxMS8xNC9iNTRBdWQ4bS9iNTRBdWQ4bS5ybXZiWlo=
素人男性,/xiazai/10809.html,https://mmxzqxl1.com/common/yazhou/201711/11/LHUMWsu7/LHUMWsu7.rmvb,thunder://QUFodHRwczovL21teHpxeGwxLmNvbS9jb21tb24veWF6aG91LzIwMTcxMS8xMS9MSFVNV3N1Ny9MSFVNV3N1Ny5ybXZiWlo=
中出撮影会,/xiazai/10808.html,https://mmxzqxl1.com/common/yazhou/201711/12/4Sd2D7dN/4Sd2D7dN.rmvb,thunder://QUFodHRwczovL21teHpxeGwxLmNvbS9jb21tb24veWF6aG91LzIwMTcxMS8xMi80U2QyRDdkTi80U2QyRDdkTi5ybXZiWlo=
調教OL,/xiazai/10805.html,https://mmxzqxl1.com/common/yazhou/201711/10/GGbPpTUC/GGbPpTUC.rmvb,thunder://QUFodHRwczovL21teHpxeGwxLmNvbS9jb21tb24veWF6aG91LzIwMTcxMS8xMC9HR2JQcFRVQy9HR2JQcFRVQy5ybXZiWlo=
我的母親OL,/xiazai/10801.html,https://mmxzqxl1.com/common/yazhou/201711/10/UjjBkgHk/UjjBkgHk.rmvb,thunder://QUFodHRwczovL21teHpxeGwxLmNvbS9jb21tb24veWF6aG91LzIwMTcxMS8xMC9VampCa2dIay9VampCa2dIay5ybXZiWlo=
真面目4,/xiazai/10798.html,https://mmxzqxl1.com/common/yazhou/201711/08/2XdMYaTE/2XdMYaTE.rmvb,thunder://QUFodHRwczovL21teHpxeGwxLmNvbS9jb21tb24veWF6aG91LzIwMTcxMS8wOC8yWGRNWWFURS8yWGRNWWFURS5ybXZiWlo=
親戚,/xiazai/10797.html,https://mmxzqxl1.com/common/yazhou/201711/08/uu6R4fsJ/uu6R4fsJ.rmvb,thunder://QUFodHRwczovL21teHpxeGwxLmNvbS9jb21tb24veWF6aG91LzIwMTcxMS8wOC91dTZSNGZzSi91dTZSNGZzSi5ybXZiWlo=
麻里梨夏2,/xiazai/10793.html,https://mmxzqxl1.com/common/yazhou/201711/07/rdB8uhGq/rdB8uhGq.rmvb,thunder://QUFodHRwczovL21teHpxeGwxLmNvbS9jb21tb24veWF6aG91LzIwMTcxMS8wNy9yZEI4dWhHcS9yZEI4dWhHcS5ybXZiWlo=
我的丈夫4,/xiazai/10792.html,https://mmxzqxl1.com/common/yazhou/201711/05/phXHPDgj/phXHPDgj.rmvb,thunder://QUFodHRwczovL21teHpxeGwxLmNvbS9jb21tb24veWF6aG91LzIwMTcxMS8wNS9waFhIUERnai9waFhIUERnai5ybXZiWlo=
容許別人侵入心和身體的人妻,/xiazai/21089.html,https://mmxzqxl1.com/common/all/201809/yFXtHQ3/yFXtHQ3.rmvb,thunder://QUFodHRwczovL21teHpxeGwxLmNvbS9jb21tb24vYWxsLzIwMTgwOS95Rlh0SFEzL3lGWHRIUTMucm12Ylpa
小泽玛利亚,/xiazai/20884.html,https://mmxzqxl1.com/common/all/201809/0D6eVrk/0D6eVrk.rmvb,thunder://QUFodHRwczovL21teHpxeGwxLmNvbS9jb21tb24vYWxsLzIwMTgwOS8wRDZlVnJrLzBENmVWcmsucm12Ylpa
極限爆発,/xiazai/20883.html,https://mmxzqxl1.com/common/all/201809/fC16U3Y/fC16U3Y.rmvb,thunder://QUFodHRwczovL21teHpxeGwxLmNvbS9jb21tb24vYWxsLzIwMTgwOS9mQzE2VTNZL2ZDMTZVM1kucm12Ylpa
女子,/xiazai/20882.html,https://mmxzqxl1.com/common/all/201809/iOKZwDE/iOKZwDE.rmvb,thunder://QUFodHRwczovL21teHpxeGwxLmNvbS9jb21tb24vYWxsLzIwMTgwOS9pT0tad0RFL2lPS1p3REUucm12Ylpa
温泉旅館,/xiazai/20713.html,https://mmxzqxl1.com/common/all/201809/04P5MEq/04P5MEq.rmvb,thunder://QUFodHRwczovL21teHpxeGwxLmNvbS9jb21tb24vYWxsLzIwMTgwOS8wNFA1TUVxLzA0UDVNRXEucm12Ylpa
1泊2日,/xiazai/20712.html,https://mmxzqxl1.com/common/all/201809/DutbD2C/DutbD2C.rmvb,thunder://QUFodHRwczovL21teHpxeGwxLmNvbS9jb21tb24vYWxsLzIwMTgwOS9EdXRiRDJDL0R1dGJEMkMucm12Ylpa
M界新星,/xiazai/20711.html,https://mmxzqxl1.com/common/all/201809/﻿TDgZT6w/﻿TDgZT6w.rmvb,thunder://QUFodHRwczovL21teHpxeGwxLmNvbS9jb21tb24vYWxsLzIwMTgwOS/vu79URGdaVDZ3L++7v1REZ1pUNncucm12Ylpa
真面目,/xiazai/20666.html,https://mmxzqxl1.com/common/all/201809/irOEZU2/irOEZU2.rmvb,thunder://QUFodHRwczovL21teHpxeGwxLmNvbS9jb21tb24vYWxsLzIwMTgwOS9pck9FWlUyL2lyT0VaVTIucm12Ylpa
中出性処理,/xiazai/20665.html,https://mmxzqxl1.com/common/all/201809/﻿09v8MoO/09v8MoO.rmvb,thunder://QUFodHRwczovL21teHpxeGwxLmNvbS9jb21tb24vYWxsLzIwMTgwOS/vu78wOXY4TW9PLzA5djhNb08ucm12Ylpa
女達,/xiazai/20664.html,https://mmxzqxl1.com/common/all/201809/﻿dj5sBlw/﻿dj5sBlw.rmvb,thunder://QUFodHRwczovL21teHpxeGwxLmNvbS9jb21tb24vYWxsLzIwMTgwOS/vu79kajVzQmx3L++7v2RqNXNCbHcucm12Ylpa
中出義姉,/xiazai/20539.html,https://mmxzqxl1.com/common/all/201809/﻿zzkL5k1/﻿zzkL5k1.rmvb,thunder://QUFodHRwczovL21teHpxeGwxLmNvbS9jb21tb24vYWxsLzIwMTgwOS/vu796emtMNWsxL++7v3p6a0w1azEucm12Ylpa
下流馬位清純咖啡店長AV演出,/xiazai/20538.html,https://mmxzqxl1.com/common/all/201809/﻿KuEix7T/﻿KuEix7T.rmvb,thunder://QUFodHRwczovL21teHpxeGwxLmNvbS9jb21tb24vYWxsLzIwMTgwOS/vu79LdUVpeDdUL++7v0t1RWl4N1Qucm12Ylpa
AV出演,/xiazai/20478.html,https://mmxzqxl1.com/common/all/201809/﻿pC1f4KK/﻿pC1f4KK.rmvb,thunder://QUFodHRwczovL21teHpxeGwxLmNvbS9jb21tb24vYWxsLzIwMTgwOS/vu79wQzFmNEtLL++7v3BDMWY0S0sucm12Ylpa
未亡人,/xiazai/20477.html,https://mmxzqxl1.com/common/all/201809/﻿vaXfr9F/﻿vaXfr9F.rmvb,thunder://QUFodHRwczovL21teHpxeGwxLmNvbS9jb21tb24vYWxsLzIwMTgwOS/vu792YVhmcjlGL++7v3ZhWGZyOUYucm12Ylpa
美巨乳30人,/xiazai/20247.html,https://mmxzqxl1.com/common/all/201809/﻿7PzaJ0m/﻿7PzaJ0m.rmvb,thunder://QUFodHRwczovL21teHpxeGwxLmNvbS9jb21tb24vYWxsLzIwMTgwOS/vu783UHphSjBtL++7vzdQemFKMG0ucm12Ylpa
20歳限定4時間BEST,/xiazai/20246.html,https://mmxzqxl1.com/common/all/201809/ue3w6rH/ue3w6rH.rmvb,thunder://QUFodHRwczovL21teHpxeGwxLmNvbS9jb21tb24vYWxsLzIwMTgwOS91ZTN3NnJIL3VlM3c2ckgucm12Ylpa
不可思议的体位,/xiazai/11250.html,https://mmxzqxl1.com/common/yazhou/201805/24/bbmcSFMu/bbmcSFMu.rmvb,thunder://QUFodHRwczovL21teHpxeGwxLmNvbS9jb21tb24veWF6aG91LzIwMTgwNS8yNC9iYm1jU0ZNdS9iYm1jU0ZNdS5ybXZiWlo=
早漏妻大乱交,/xiazai/11243.html,https://mmxzqxl1.com/common/yazhou/201806/hwnkE10/hwnkE10.rmvb,thunder://QUFodHRwczovL21teHpxeGwxLmNvbS9jb21tb24veWF6aG91LzIwMTgwNi9od25rRTEwL2h3bmtFMTAucm12Ylpa
不穿內褲和內衣,/xiazai/11239.html,https://mmxzqxl1.com/common/yazhou/201806/ebbihpo/ebbihpo.rmvb,thunder://QUFodHRwczovL21teHpxeGwxLmNvbS9jb21tb24veWF6aG91LzIwMTgwNi9lYmJpaHBvL2ViYmlocG8ucm12Ylpa
貧乳美少女性交,/xiazai/11238.html,https://mmxzqxl1.com/common/yazhou/201806/FRmt5oX/FRmt5oX.rmvb,thunder://QUFodHRwczovL21teHpxeGwxLmNvbS9jb21tb24veWF6aG91LzIwMTgwNi9GUm10NW9YL0ZSbXQ1b1gucm12Ylpa
极上爆乳义母近親相姦,/xiazai/21900.html,https://mmxzqxl1.com/common/all/201809/VY3IOuK/VY3IOuK.rmvb,thunder://QUFodHRwczovL21teHpxeGwxLmNvbS9jb21tb24vYWxsLzIwMTgwOS9WWTNJT3VLL1ZZM0lPdUsucm12Ylpa
有賀,/xiazai/21899.html,https://mmxzqxl1.com/common/all/201809/3oqifb0/3oqifb0.rmvb,thunder://QUFodHRwczovL21teHpxeGwxLmNvbS9jb21tb24vYWxsLzIwMTgwOS8zb3FpZmIwLzNvcWlmYjAucm12Ylpa
不貞時間停止中出澡堂的店員,/xiazai/21721.html,https://mmxzqxl1.com/common/all/201809/652aehd/652aehd.rmvb,thunder://QUFodHRwczovL21teHpxeGwxLmNvbS9jb21tb24vYWxsLzIwMTgwOS82NTJhZWhkLzY1MmFlaGQucm12Ylpa
不貞,/xiazai/21720.html,https://mmxzqxl1.com/common/all/201809/1YrGVB6/1YrGVB6.rmvb,thunder://QUFodHRwczovL21teHpxeGwxLmNvbS9jb21tb24vYWxsLzIwMTgwOS8xWXJHVkI2LzFZckdWQjYucm12Ylpa
依頼自慢美人妻,/xiazai/21673.html,https://mmxzqxl1.com/common/all/201809/aUiZwti/aUiZwti.rmvb,thunder://QUFodHRwczovL21teHpxeGwxLmNvbS9jb21tb24vYWxsLzIwMTgwOS9hVWlad3RpL2FVaVp3dGkucm12Ylpa
敏感乳首巨乳娘,/xiazai/21672.html,https://mmxzqxl1.com/common/all/201809/33R0MmL/33R0MmL.rmvb,thunder://QUFodHRwczovL21teHpxeGwxLmNvbS9jb21tb24vYWxsLzIwMTgwOS8zM1IwTW1MLzMzUjBNbUwucm12Ylpa
改名第2弾,/xiazai/21588.html,https://mmxzqxl1.com/common/all/201809/GODkB4A/GODkB4A.rmvb,thunder://QUFodHRwczovL21teHpxeGwxLmNvbS9jb21tb24vYWxsLzIwMTgwOS9HT0RrQjRBL0dPRGtCNEEucm12Ylpa
成績,/xiazai/21587.html,https://mmxzqxl1.com/common/all/201809/AMofS6T/AMofS6T.rmvb,thunder://QUFodHRwczovL21teHpxeGwxLmNvbS9jb21tb24vYWxsLzIwMTgwOS9BTW9mUzZUL0FNb2ZTNlQucm12Ylpa
快樂乳頭,/xiazai/21586.html,https://mmxzqxl1.com/common/all/201809/6CqmBZk/6CqmBZk.rmvb,thunder://QUFodHRwczovL21teHpxeGwxLmNvbS9jb21tb24vYWxsLzIwMTgwOS82Q3FtQlprLzZDcW1CWmsucm12Ylpa
SEX4本番,/xiazai/21404.html,https://mmxzqxl1.com/common/all/201809/GLAliAN/GLAliAN.rmvb,thunder://QUFodHRwczovL21teHpxeGwxLmNvbS9jb21tb24vYWxsLzIwMTgwOS9HTEFsaUFOL0dMQWxpQU4ucm12Ylpa
其实我爱你,/xiazai/21403.html,https://mmxzqxl1.com/common/all/201809/fPyELjt/fPyELjt.rmvb,thunder://QUFodHRwczovL21teHpxeGwxLmNvbS9jb21tb24vYWxsLzIwMTgwOS9mUHlFTGp0L2ZQeUVManQucm12Ylpa
人妻按摩养生催情诱奸,/xiazai/21402.html,https://mmxzqxl1.com/common/all/201809/r3O1NDb/r3O1NDb.rmvb,thunder://QUFodHRwczovL21teHpxeGwxLmNvbS9jb21tb24vYWxsLzIwMTgwOS9yM08xTkRiL3IzTzFORGIucm12Ylpa
人妻交流会,/xiazai/21325.html,https://mmxzqxl1.com/common/all/201809/DcZLdIZ/DcZLdIZ.rmvb,thunder://QUFodHRwczovL21teHpxeGwxLmNvbS9jb21tb24vYWxsLzIwMTgwOS9EY1pMZElaL0RjWkxkSVoucm12Ylpa
乖巧女覚醒,/xiazai/21324.html,https://mmxzqxl1.com/common/all/201809/2RWnjm3/2RWnjm3.rmvb,thunder://QUFodHRwczovL21teHpxeGwxLmNvbS9jb21tb24vYWxsLzIwMTgwOS8yUlduam0zLzJSV25qbTMucm12Ylpa
隐秘的SEX,/xiazai/21323.html,https://mmxzqxl1.com/common/all/201809/x8yxzg3/x8yxzg3.rmvb,thunder://QUFodHRwczovL21teHpxeGwxLmNvbS9jb21tb24vYWxsLzIwMTgwOS94OHl4emczL3g4eXh6ZzMucm12Ylpa
微乳娘敏感乳首激萌骑乘,/xiazai/21216.html,https://mmxzqxl1.com/common/all/201809/fMpQahT/fMpQahT.rmvb,thunder://QUFodHRwczovL21teHpxeGwxLmNvbS9jb21tb24vYWxsLzIwMTgwOS9mTXBRYWhUL2ZNcFFhaFQucm12Ylpa
平日社内,/xiazai/21215.html,https://mmxzqxl1.com/common/all/201809/Lvudn0s/Lvudn0s.rmvb,thunder://QUFodHRwczovL21teHpxeGwxLmNvbS9jb21tb24vYWxsLzIwMTgwOS9MdnVkbjBzL0x2dWRuMHMucm12Ylpa
巨根少年惡作劇,/xiazai/21214.html,https://mmxzqxl1.com/common/all/201809/UtVCzx2/UtVCzx2.rmvb,thunder://QUFodHRwczovL21teHpxeGwxLmNvbS9jb21tb24vYWxsLzIwMTgwOS9VdFZDengyL1V0VkN6eDIucm12Ylpa
巨大掲示板,/xiazai/21091.html,https://mmxzqxl1.com/common/all/201809/6mVltBG/6mVltBG.rmvb,thunder://QUFodHRwczovL21teHpxeGwxLmNvbS9jb21tb24vYWxsLzIwMTgwOS82bVZsdEJHLzZtVmx0Qkcucm12Ylpa
工廠欠債被肏翻的爆乳寡婦天野美優,/xiazai/21090.html,https://mmxzqxl1.com/common/all/201809/lQQGWZJ/lQQGWZJ.rmvb,thunder://QUFodHRwczovL21teHpxeGwxLmNvbS9jb21tb24vYWxsLzIwMTgwOS9sUVFHV1pKL2xRUUdXWkoucm12Ylpa
純粹中出解除禁令初次快感高潮性愛,/xiazai/29568.html,https://mmxzqxl1.com/common/all/201812/fWkSMUc/fWkSMUc.rmvb,thunder://QUFodHRwczovL21teHpxeGwxLmNvbS9jb21tb24vYWxsLzIwMTgxMi9mV2tTTVVjL2ZXa1NNVWMucm12Ylpa
大爵士歌手,/xiazai/29457.html,https://mmxzqxl1.com/common/all/201812/rETTsjY/rETTsjY.rmvb,thunder://QUFodHRwczovL21teHpxeGwxLmNvbS9jb21tb24vYWxsLzIwMTgxMi9yRVRUc2pZL3JFVFRzalkucm12Ylpa
一個職業婦女,/xiazai/29353.html,https://mmxzqxl1.com/common/all/201812/Jwjsxxk/Jwjsxxk.rmvb,thunder://QUFodHRwczovL21teHpxeGwxLmNvbS9jb21tb24vYWxsLzIwMTgxMi9Kd2pzeHhrL0p3anN4eGsucm12Ylpa
姐姐成長良好,/xiazai/29233.html,https://mmxzqxl1.com/common/all/201812/RChvMjw/RChvMjw.rmvb,thunder://QUFodHRwczovL21teHpxeGwxLmNvbS9jb21tb24vYWxsLzIwMTgxMi9SQ2h2TWp3L1JDaHZNancucm12Ylpa
親吻性交以粗魯的方式糾纏她的丈夫,/xiazai/29138.html,https://mmxzqxl1.com/common/all/201812/DRJATBQ/DRJATBQ.rmvb,thunder://QUFodHRwczovL21teHpxeGwxLmNvbS9jb21tb24vYWxsLzIwMTgxMi9EUkpBVEJRL0RSSkFUQlEucm12Ylpa
麗莎去了公司送她丈夫丟失的物品,/xiazai/29027.html,https://mmxzqxl1.com/common/all/201812/nNnKGbn/nNnKGbn.rmvb,thunder://QUFodHRwczovL21teHpxeGwxLmNvbS9jb21tb24vYWxsLzIwMTgxMi9uTm5LR2JuL25ObktHYm4ucm12Ylpa
陰道射精射擊,/xiazai/28927.html,https://mmxzqxl1.com/common/all/201812/ERuPnXJ/ERuPnXJ.rmvb,thunder://QUFodHRwczovL21teHpxeGwxLmNvbS9jb21tb24vYWxsLzIwMTgxMi9FUnVQblhKL0VSdVBuWEoucm12Ylpa
共同生活在一起,/xiazai/28813.html,https://mmxzqxl1.com/common/all/201812/LSSMRRW/LSSMRRW.rmvb,thunder://QUFodHRwczovL21teHpxeGwxLmNvbS9jb21tb24vYWxsLzIwMTgxMi9MU1NNUlJXL0xTU01SUlcucm12Ylpa
緊緊握住她的手,/xiazai/28703.html,https://mmxzqxl1.com/common/all/201812/HvXMVpn/HvXMVpn.rmvb,thunder://QUFodHRwczovL21teHpxeGwxLmNvbS9jb21tb24vYWxsLzIwMTgxMi9IdlhNVnBuL0h2WE1WcG4ucm12Ylpa
（AV女演員）20歲,/xiazai/28583.html,https://mmxzqxl1.com/common/all/201812/WcBgEpQ/WcBgEpQ.rmvb,thunder://QUFodHRwczovL21teHpxeGwxLmNvbS9jb21tb24vYWxsLzIwMTgxMi9XY0JnRXBRL1djQmdFcFEucm12Ylpa
看到了妹妹的爆乳,/xiazai/28459.html,https://mmxzqxl1.com/common/all/201812/tXGuMUC/tXGuMUC.rmvb,thunder://QUFodHRwczovL21teHpxeGwxLmNvbS9jb21tb24vYWxsLzIwMTgxMi90WEd1TVVDL3RYR3VNVUMucm12Ylpa
肉體侍奉,/xiazai/28337.html,https://mmxzqxl1.com/common/all/201812/tMuTQQC/tMuTQQC.rmvb,thunder://QUFodHRwczovL21teHpxeGwxLmNvbS9jb21tb24vYWxsLzIwMTgxMi90TXVUUVFDL3RNdVRRUUMucm12Ylpa
一個年輕的妻子,/xiazai/28239.html,https://mmxzqxl1.com/common/all/201812/kBJVJWr/kBJVJWr.rmvb,thunder://QUFodHRwczovL21teHpxeGwxLmNvbS9jb21tb24vYWxsLzIwMTgxMi9rQkpWSldyL2tCSlZKV3Iucm12Ylpa
我今晚會做很多職業服務,/xiazai/28109.html,https://mmxzqxl1.com/common/all/201812/BjwdhhP/BjwdhhP.rmvb,thunder://QUFodHRwczovL21teHpxeGwxLmNvbS9jb21tb24vYWxsLzIwMTgxMi9CandkaGhQL0Jqd2RoaFAucm12Ylpa
究極專業風俗店,/xiazai/27996.html,https://mmxzqxl1.com/common/all/201812/MBsVQxK/MBsVQxK.rmvb,thunder://QUFodHRwczovL21teHpxeGwxLmNvbS9jb21tb24vYWxsLzIwMTgxMi9NQnNWUXhLL01Cc1ZReEsucm12Ylpa
大山雀和姐姐戶外浴,/xiazai/27782.html,https://mmxzqxl1.com/common/all/201812/uMtaGur/uMtaGur.rmvb,thunder://QUFodHRwczovL21teHpxeGwxLmNvbS9jb21tb24vYWxsLzIwMTgxMi91TXRhR3VyL3VNdGFHdXIucm12Ylpa
不要陷入一個絕對的家庭,/xiazai/27654.html,https://mmxzqxl1.com/common/all/201812/vaDFpJm/vaDFpJm.rmvb,thunder://QUFodHRwczovL21teHpxeGwxLmNvbS9jb21tb24vYWxsLzIwMTgxMi92YURGcEptL3ZhREZwSm0ucm12Ylpa
魔女究極巨尻美乳,/xiazai/27554.html,https://mmxzqxl1.com/common/all/201812/cUTXMAb/cUTXMAb.rmvb,thunder://QUFodHRwczovL21teHpxeGwxLmNvbS9jb21tb24vYWxsLzIwMTgxMi9jVVRYTUFiL2NVVFhNQWIucm12Ylpa
媽媽最好的朋友來自這個國家,/xiazai/27443.html,https://mmxzqxl1.com/common/all/201812/WpFrfhE/WpFrfhE.rmvb,thunder://QUFodHRwczovL21teHpxeGwxLmNvbS9jb21tb24vYWxsLzIwMTgxMi9XcEZyZmhFL1dwRnJmaEUucm12Ylpa
豐富的高潮,/xiazai/27318.html,https://mmxzqxl1.com/common/all/201812/EXMmFSp/EXMmFSp.rmvb,thunder://QUFodHRwczovL21teHpxeGwxLmNvbS9jb21tb24vYWxsLzIwMTgxMi9FWE1tRlNwL0VYTW1GU3Aucm12Ylpa
连续浓密中出,/xiazai/39649.html,https://mmxzqxl1.com/common/all/201903/3BW7PRLA/3BW7PRLA.rmvb,thunder://QUFodHRwczovL21teHpxeGwxLmNvbS9jb21tb24vYWxsLzIwMTkwMy8zQlc3UFJMQS8zQlc3UFJMQS5ybXZiWlo=
寻求非凡的刺激,/xiazai/39541.html,https://mmxzqxl1.com/common/all/201903/snpSSk58/snpSSk58.rmvb,thunder://QUFodHRwczovL21teHpxeGwxLmNvbS9jb21tb24vYWxsLzIwMTkwMy9zbnBTU2s1OC9zbnBTU2s1OC5ybXZiWlo=
都会の高層階に店を構える最高峰,/xiazai/39540.html,https://mmxzqxl1.com/common/all/201903/bfrSbVRv/bfrSbVRv.rmvb,thunder://QUFodHRwczovL21teHpxeGwxLmNvbS9jb21tb24vYWxsLzIwMTkwMy9iZnJTYlZSdi9iZnJTYlZSdi5ybXZiWlo=
電撃復活褐色少女透明内衣做爱,/xiazai/39373.html,https://mmxzqxl1.com/common/all/201903/EX6fhsJJ/EX6fhsJJ.rmvb,thunder://QUFodHRwczovL21teHpxeGwxLmNvbS9jb21tb24vYWxsLzIwMTkwMy9FWDZmaHNKSi9FWDZmaHNKSi5ybXZiWlo=
我从未和我的丈夫在一起,/xiazai/39240.html,https://mmxzqxl1.com/common/all/201903/sc3ur65a/sc3ur65a.rmvb,thunder://QUFodHRwczovL21teHpxeGwxLmNvbS9jb21tb24vYWxsLzIwMTkwMy9zYzN1cjY1YS9zYzN1cjY1YS5ybXZiWlo=
我等不及了,/xiazai/39085.html,https://mmxzqxl1.com/common/all/201903/svpBk5yR/svpBk5yR.rmvb,thunder://QUFodHRwczovL21teHpxeGwxLmNvbS9jb21tb24vYWxsLzIwMTkwMy9zdnBCazV5Ui9zdnBCazV5Ui5ybXZiWlo=
通过触摸的足,/xiazai/38965.html,https://mmxzqxl1.com/common/all/201903/FVWYmpq7/FVWYmpq7.rmvb,thunder://QUFodHRwczovL21teHpxeGwxLmNvbS9jb21tb24vYWxsLzIwMTkwMy9GVldZbXBxNy9GVldZbXBxNy5ybXZiWlo=
初次中出,/xiazai/38840.html,https://mmxzqxl1.com/common/all/201903/Hb4Fqjav/Hb4Fqjav.rmvb,thunder://QUFodHRwczovL21teHpxeGwxLmNvbS9jb21tb24vYWxsLzIwMTkwMy9IYjRGcWphdi9IYjRGcWphdi5ybXZiWlo=
超接写SEX,/xiazai/38696.html,https://mmxzqxl1.com/common/all/201903/erTMD6c2/erTMD6c2.rmvb,thunder://QUFodHRwczovL21teHpxeGwxLmNvbS9jb21tb24vYWxsLzIwMTkwMy9lclRNRDZjMi9lclRNRDZjMi5ybXZiWlo=
超豪華後宮大鍋炒同學會,/xiazai/38574.html,https://mmxzqxl1.com/common/all/201903/tMwUxtRS/tMwUxtRS.rmvb,thunder://QUFodHRwczovL21teHpxeGwxLmNvbS9jb21tb24vYWxsLzIwMTkwMy90TXdVeHRSUy90TXdVeHRSUy5ybXZiWlo=
草食男子,/xiazai/38424.html,https://mmxzqxl1.com/common/all/201903/xqhTCC2E/xqhTCC2E.rmvb,thunder://QUFodHRwczovL21teHpxeGwxLmNvbS9jb21tb24vYWxsLzIwMTkwMy94cWhUQ0MyRS94cWhUQ0MyRS5ybXZiWlo=
勃起！英俊的同事,/xiazai/38296.html,https://mmxzqxl1.com/common/all/201903/MGjya28U/MGjya28U.rmvb,thunder://QUFodHRwczovL21teHpxeGwxLmNvbS9jb21tb24vYWxsLzIwMTkwMy9NR2p5YTI4VS9NR2p5YTI4VS5ybXZiWlo=
大山雀满身是汗,/xiazai/38147.html,https://mmxzqxl1.com/common/all/201903/RCbh4ahW/RCbh4ahW.rmvb,thunder://QUFodHRwczovL21teHpxeGwxLmNvbS9jb21tb24vYWxsLzIwMTkwMy9SQ2JoNGFoVy9SQ2JoNGFoVy5ybXZiWlo=
愛田美月,/xiazai/38023.html,https://mmxzqxl1.com/common/all/201903/QhHjpdjQ/QhHjpdjQ.rmvb,thunder://QUFodHRwczovL21teHpxeGwxLmNvbS9jb21tb24vYWxsLzIwMTkwMy9RaEhqcGRqUS9RaEhqcGRqUS5ybXZiWlo=
我已经射精了,/xiazai/37877.html,https://mmxzqxl1.com/common/all/201903/J2AbfvL5/J2AbfvL5.rmvb,thunder://QUFodHRwczovL21teHpxeGwxLmNvbS9jb21tb24vYWxsLzIwMTkwMy9KMkFiZnZMNS9KMkFiZnZMNS5ybXZiWlo=
巴利人喜欢漂浮在比基尼女人身材上,/xiazai/37728.html,https://mmxzqxl1.com/common/all/201903/mhRFKusq/mhRFKusq.rmvb,thunder://QUFodHRwczovL21teHpxeGwxLmNvbS9jb21tb24vYWxsLzIwMTkwMy9taFJGS3VzcS9taFJGS3VzcS5ybXZiWlo=
射击阴道,/xiazai/37595.html,https://mmxzqxl1.com/common/all/201903/FbPpYGaQ/FbPpYGaQ.rmvb,thunder://QUFodHRwczovL21teHpxeGwxLmNvbS9jb21tb24vYWxsLzIwMTkwMy9GYlBwWUdhUS9GYlBwWUdhUS5ybXZiWlo=
嫁给精英的侄女,/xiazai/37443.html,https://mmxzqxl1.com/common/all/201903/82RYmXBN/82RYmXBN.rmvb,thunder://QUFodHRwczovL21teHpxeGwxLmNvbS9jb21tb24vYWxsLzIwMTkwMy84MlJZbVhCTi84MlJZbVhCTi5ybXZiWlo=
我的妻子沉迷于这样的事情,/xiazai/37294.html,https://mmxzqxl1.com/common/all/201903/dbRhahU4/dbRhahU4.rmvb,thunder://QUFodHRwczovL21teHpxeGwxLmNvbS9jb21tb24vYWxsLzIwMTkwMy9kYlJoYWhVNC9kYlJoYWhVNC5ybXZiWlo=
素人19歳,/xiazai/37123.html,https://mmxzqxl1.com/common/all/201903/6rkETFHM/6rkETFHM.rmvb,thunder://QUFodHRwczovL21teHpxeGwxLmNvbS9jb21tb24vYWxsLzIwMTkwMy82cmtFVEZITS82cmtFVEZITS5ybXZiWlo=
不能生孩子很着急,/xiazai/42130.html,https://mmxzqxl1.com/common/all/201903/xPtLL4PK/xPtLL4PK.rmvb,thunder://QUFodHRwczovL21teHpxeGwxLmNvbS9jb21tb24vYWxsLzIwMTkwMy94UHRMTDRQSy94UHRMTDRQSy5ybXZiWlo=
早川瑞希解禁連続絶頂,/xiazai/42129.html,https://mmxzqxl1.com/common/all/201903/8CJuX3bd/8CJuX3bd.rmvb,thunder://QUFodHRwczovL21teHpxeGwxLmNvbS9jb21tb24vYWxsLzIwMTkwMy84Q0p1WDNiZC84Q0p1WDNiZC5ybXZiWlo=
诱惑巨乳姐姐,/xiazai/41982.html,https://mmxzqxl1.com/common/all/201903/dnTjHUvF/dnTjHUvF.rmvb,thunder://QUFodHRwczovL21teHpxeGwxLmNvbS9jb21tb24vYWxsLzIwMTkwMy9kblRqSFV2Ri9kblRqSFV2Ri5ybXZiWlo=
性欲裸露焦急的,/xiazai/41981.html,https://mmxzqxl1.com/common/all/201903/V3wCNFaE/V3wCNFaE.rmvb,thunder://QUFodHRwczovL21teHpxeGwxLmNvbS9jb21tb24vYWxsLzIwMTkwMy9WM3dDTkZhRS9WM3dDTkZhRS5ybXZiWlo=
性欲太强烈猥亵妻子,/xiazai/41817.html,https://mmxzqxl1.com/common/all/201903/LSAbVpST/LSAbVpST.rmvb,thunder://QUFodHRwczovL21teHpxeGwxLmNvbS9jb21tb24vYWxsLzIwMTkwMy9MU0FiVnBTVC9MU0FiVnBTVC5ybXZiWlo=
新婚前夜绝望刺激的换妻乱交游戏,/xiazai/41816.html,https://mmxzqxl1.com/common/all/201903/jSQh2RRe/jSQh2RRe.rmvb,thunder://QUFodHRwczovL21teHpxeGwxLmNvbS9jb21tb24vYWxsLzIwMTkwMy9qU1FoMlJSZS9qU1FoMlJSZS5ybXZiWlo=
下流的羞耻体位,/xiazai/41699.html,https://mmxzqxl1.com/common/all/201903/VjdVjdWn/VjdVjdWn.rmvb,thunder://QUFodHRwczovL21teHpxeGwxLmNvbS9jb21tb24vYWxsLzIwMTkwMy9WamRWamRXbi9WamRWamRXbi5ybXZiWlo=
文京区女教师就读的整体治疗院,/xiazai/41698.html,https://mmxzqxl1.com/common/all/201903/MDKy8aHB/MDKy8aHB.rmvb,thunder://QUFodHRwczovL21teHpxeGwxLmNvbS9jb21tb24vYWxsLzIwMTkwMy9NREt5OGFIQi9NREt5OGFIQi5ybXZiWlo=
诱惑儿子的媳妇,/xiazai/41524.html,https://mmxzqxl1.com/common/all/201903/VthNtsW7/VthNtsW7.rmvb,thunder://QUFodHRwczovL21teHpxeGwxLmNvbS9jb21tb24vYWxsLzIwMTkwMy9WdGhOdHNXNy9WdGhOdHNXNy5ybXZiWlo=
我致力于我丈夫的老板,/xiazai/41523.html,https://mmxzqxl1.com/common/all/201903/7NS4NjTy/7NS4NjTy.rmvb,thunder://QUFodHRwczovL21teHpxeGwxLmNvbS9jb21tb24vYWxsLzIwMTkwMy83TlM0TmpUeS83TlM0TmpUeS5ybXZiWlo=
请夺走我的第一个同性恋,/xiazai/41522.html,https://mmxzqxl1.com/common/all/201903/sXpKbXce/sXpKbXce.rmvb,thunder://QUFodHRwczovL21teHpxeGwxLmNvbS9jb21tb24vYWxsLzIwMTkwMy9zWHBLYlhjZS9zWHBLYlhjZS5ybXZiWlo=
让纯粹中出的爆乳,/xiazai/41355.html,https://mmxzqxl1.com/common/all/201903/nEwVcD3G/nEwVcD3G.rmvb,thunder://QUFodHRwczovL21teHpxeGwxLmNvbS9jb21tb24vYWxsLzIwMTkwMy9uRXdWY0QzRy9uRXdWY0QzRy5ybXZiWlo=
我无休止的鸡巴只记得射精,/xiazai/41353.html,https://mmxzqxl1.com/common/all/201903/MYWNe4By/MYWNe4By.rmvb,thunder://QUFodHRwczovL21teHpxeGwxLmNvbS9jb21tb24vYWxsLzIwMTkwMy9NWVdOZTRCeS9NWVdOZTRCeS5ybXZiWlo=
肉感后藤里香,/xiazai/41352.html,https://mmxzqxl1.com/common/all/201903/tEqRBPSQ/tEqRBPSQ.rmvb,thunder://QUFodHRwczovL21teHpxeGwxLmNvbS9jb21tb24vYWxsLzIwMTkwMy90RXFSQlBTUS90RXFSQlBTUS5ybXZiWlo=
工作时间欺骗新人女服务员,/xiazai/41175.html,https://mmxzqxl1.com/common/all/201903/AjMesCCf/AjMesCCf.rmvb,thunder://QUFodHRwczovL21teHpxeGwxLmNvbS9jb21tb24vYWxsLzIwMTkwMy9Bak1lc0NDZi9Bak1lc0NDZi5ybXZiWlo=
忍受惊人的技巧,/xiazai/41174.html,https://mmxzqxl1.com/common/all/201903/xs8GsJ3m/xs8GsJ3m.rmvb,thunder://QUFodHRwczovL21teHpxeGwxLmNvbS9jb21tb24vYWxsLzIwMTkwMy94czhHc0ozbS94czhHc0ozbS5ybXZiWlo=
我妻子的朋友在我家爬行,/xiazai/41037.html,https://mmxzqxl1.com/common/all/201903/beRStQr5/beRStQr5.rmvb,thunder://QUFodHRwczovL21teHpxeGwxLmNvbS9jb21tb24vYWxsLzIwMTkwMy9iZVJTdFFyNS9iZVJTdFFyNS5ybXZiWlo=
女大学生中出白皮书,/xiazai/41036.html,https://mmxzqxl1.com/common/all/201903/f5YfRWNA/f5YfRWNA.rmvb,thunder://QUFodHRwczovL21teHpxeGwxLmNvbS9jb21tb24vYWxsLzIwMTkwMy9mNVlmUldOQS9mNVlmUldOQS5ybXZiWlo=
真正体内射精,/xiazai/40831.html,https://mmxzqxl1.com/common/all/201903/LbV8HB77/LbV8HB77.rmvb,thunder://QUFodHRwczovL21teHpxeGwxLmNvbS9jb21tb24vYWxsLzIwMTkwMy9MYlY4SEI3Ny9MYlY4SEI3Ny5ybXZiWlo=
它只适用于体内射精,/xiazai/40830.html,https://mmxzqxl1.com/common/all/201903/4QvSegaM/4QvSegaM.rmvb,thunder://QUFodHRwczovL21teHpxeGwxLmNvbS9jb21tb24vYWxsLzIwMTkwMy80UXZTZWdhTS80UXZTZWdhTS5ybXZiWlo=
小悪魔女子射精管理,/xiazai/34521.html,https://mmxzqxl1.com/common/all/201901/nr4jLyJA/nr4jLyJA.rmvb,thunder://QUFodHRwczovL21teHpxeGwxLmNvbS9jb21tb24vYWxsLzIwMTkwMS9ucjRqTHlKQS9ucjRqTHlKQS5ybXZiWlo=
最棒的無套內射愛愛,/xiazai/34377.html,https://mmxzqxl1.com/common/all/201901/trSbTPqn/trSbTPqn.rmvb,thunder://QUFodHRwczovL21teHpxeGwxLmNvbS9jb21tb24vYWxsLzIwMTkwMS90clNiVFBxbi90clNiVFBxbi5ybXZiWlo=
最愛無套內射,/xiazai/34272.html,https://mmxzqxl1.com/common/all/201901/TcrPxKts/TcrPxKts.rmvb,thunder://QUFodHRwczovL21teHpxeGwxLmNvbS9jb21tb24vYWxsLzIwMTkwMS9UY3JQeEt0cy9UY3JQeEt0cy5ybXZiWlo=
偶像櫻花天空也是第一個最好的,/xiazai/34021.html,https://mmxzqxl1.com/common/all/201901/JTup2Rjx/JTup2Rjx.rmvb,thunder://QUFodHRwczovL21teHpxeGwxLmNvbS9jb21tb24vYWxsLzIwMTkwMS9KVHVwMlJqeC9KVHVwMlJqeC5ybXZiWlo=
害羞的第一個IKE SEX我會告訴你,/xiazai/33912.html,https://mmxzqxl1.com/common/all/201901/8K8uwpYy/8K8uwpYy.rmvb,thunder://QUFodHRwczovL21teHpxeGwxLmNvbS9jb21tb24vYWxsLzIwMTkwMS84Szh1d3BZeS84Szh1d3BZeS5ybXZiWlo=
教師誘惑性欲全開,/xiazai/33787.html,https://mmxzqxl1.com/common/all/201901/6t6quXhK/6t6quXhK.rmvb,thunder://QUFodHRwczovL21teHpxeGwxLmNvbS9jb21tb24vYWxsLzIwMTkwMS82dDZxdVhoSy82dDZxdVhoSy5ybXZiWlo=
因為我第一次能夠做她，我兒時的朋友,/xiazai/33686.html,https://mmxzqxl1.com/common/all/201901/CKE5TeFN/CKE5TeFN.rmvb,thunder://QUFodHRwczovL21teHpxeGwxLmNvbS9jb21tb24vYWxsLzIwMTkwMS9DS0U1VGVGTi9DS0U1VGVGTi5ybXZiWlo=
被刺激胸部隱藏的性感帶痙攣瘋狂高潮,/xiazai/33596.html,https://mmxzqxl1.com/common/all/201901/VVMtPtYS/VVMtPtYS.rmvb,thunder://QUFodHRwczovL21teHpxeGwxLmNvbS9jb21tb24vYWxsLzIwMTkwMS9WVk10UHRZUy9WVk10UHRZUy5ybXZiWlo=
爆乳女僕只愛著你,/xiazai/33470.html,https://mmxzqxl1.com/common/all/201901/6aUssqeW/6aUssqeW.rmvb,thunder://QUFodHRwczovL21teHpxeGwxLmNvbS9jb21tb24vYWxsLzIwMTkwMS82YVVzc3FlVy82YVVzc3FlVy5ybXZiWlo=
爆乳美女遭遇色狼,/xiazai/33353.html,https://mmxzqxl1.com/common/all/201901/sxXf25f4/sxXf25f4.rmvb,thunder://QUFodHRwczovL21teHpxeGwxLmNvbS9jb21tb24vYWxsLzIwMTkwMS9zeFhmMjVmNC9zeFhmMjVmNC5ybXZiWlo=
出租巨乳妹給你幹,/xiazai/33207.html,https://mmxzqxl1.com/common/all/201901/aU58WJ8N/aU58WJ8N.rmvb,thunder://QUFodHRwczovL21teHpxeGwxLmNvbS9jb21tb24vYWxsLzIwMTkwMS9hVTU4V0o4Ti9hVTU4V0o4Ti5ybXZiWlo=
拍照Aki Sasaki,/xiazai/33065.html,https://mmxzqxl1.com/common/all/201901/vpTMtrNg/vpTMtrNg.rmvb,thunder://QUFodHRwczovL21teHpxeGwxLmNvbS9jb21tb24vYWxsLzIwMTkwMS92cFRNdHJOZy92cFRNdHJOZy5ybXZiWlo=
來自該地區的可愛的職員,/xiazai/32962.html,https://mmxzqxl1.com/common/all/201901/tcqUgwWk/tcqUgwWk.rmvb,thunder://QUFodHRwczovL21teHpxeGwxLmNvbS9jb21tb24vYWxsLzIwMTkwMS90Y3FVZ3dXay90Y3FVZ3dXay5ybXZiWlo=
夫出差妻子带年轻帅哥回家3天反复做爱,/xiazai/32877.html,https://mmxzqxl1.com/common/all/201901/47MC3dgA/47MC3dgA.rmvb,thunder://QUFodHRwczovL21teHpxeGwxLmNvbS9jb21tb24vYWxsLzIwMTkwMS80N01DM2RnQS80N01DM2RnQS5ybXZiWlo=
和理性飛走大姐姐幹到中出,/xiazai/32749.html,https://mmxzqxl1.com/common/all/201901/FDLFmrmt/FDLFmrmt.rmvb,thunder://QUFodHRwczovL21teHpxeGwxLmNvbS9jb21tb24vYWxsLzIwMTkwMS9GRExGbXJtdC9GRExGbXJtdC5ybXZiWlo=
嬌小肉體終於讓人射進去啦,/xiazai/32611.html,https://mmxzqxl1.com/common/all/201901/Y4Sx4s7D/Y4Sx4s7D.rmvb,thunder://QUFodHRwczovL21teHpxeGwxLmNvbS9jb21tb24vYWxsLzIwMTkwMS9ZNFN4NHM3RC9ZNFN4NHM3RC5ybXZiWlo=
關於我能夠用我的偶像蝕刻的問題,/xiazai/32610.html,https://mmxzqxl1.com/common/all/201901/Hdqv6VVy/Hdqv6VVy.rmvb,thunder://QUFodHRwczovL21teHpxeGwxLmNvbS9jb21tb24vYWxsLzIwMTkwMS9IZHF2NlZWeS9IZHF2NlZWeS5ybXZiWlo=
為一個正在被逮捕和性交的男人高興地瘋狂,/xiazai/32509.html,https://mmxzqxl1.com/common/all/201901/7gsd45N4/7gsd45N4.rmvb,thunder://QUFodHRwczovL21teHpxeGwxLmNvbS9jb21tb24vYWxsLzIwMTkwMS83Z3NkNDVONC83Z3NkNDVONC5ybXZiWlo=
經常性器結合的男性美體沙龍,/xiazai/32508.html,https://mmxzqxl1.com/common/all/201901/eaQFy2Wc/eaQFy2Wc.rmvb,thunder://QUFodHRwczovL21teHpxeGwxLmNvbS9jb21tb24vYWxsLzIwMTkwMS9lYVFGeTJXYy9lYVFGeTJXYy5ybXZiWlo=
巨乳女大學生喝酒之後吸男人們的肉棒,/xiazai/32390.html,https://mmxzqxl1.com/common/all/201901/e2DfpCYW/e2DfpCYW.rmvb,thunder://QUFodHRwczovL21teHpxeGwxLmNvbS9jb21tb24vYWxsLzIwMTkwMS9lMkRmcENZVy9lMkRmcENZVy5ybXZiWlo=
最強3,/xiazai/10789.html,https://mmxzqxl1.com/common/yazhou/201711/07/8xpdBuuY/8xpdBuuY.rmvb,thunder://QUFodHRwczovL21teHpxeGwxLmNvbS9jb21tb24veWF6aG91LzIwMTcxMS8wNy84eHBkQnV1WS84eHBkQnV1WS5ybXZiWlo=
童貞告白,/xiazai/10785.html,https://mmxzqxl1.com/common/yazhou/201711/04/YVmtbRbE/YVmtbRbE.rmvb,thunder://QUFodHRwczovL21teHpxeGwxLmNvbS9jb21tb24veWF6aG91LzIwMTcxMS8wNC9ZVm10YlJiRS9ZVm10YlJiRS5ybXZiWlo=
巨乳的母親,/xiazai/10783.html,https://mmxzqxl1.com/common/yazhou/201711/03/fk5U7E8J/fk5U7E8J.rmvb,thunder://QUFodHRwczovL21teHpxeGwxLmNvbS9jb21tb24veWF6aG91LzIwMTcxMS8wMy9mazVVN0U4Si9mazVVN0U4Si5ybXZiWlo=
心愛的女孩,/xiazai/10781.html,https://mmxzqxl1.com/common/yazhou/201711/03/WdUMtss5/WdUMtss5.rmvb,thunder://QUFodHRwczovL21teHpxeGwxLmNvbS9jb21tb24veWF6aG91LzIwMTcxMS8wMy9XZFVNdHNzNS9XZFVNdHNzNS5ybXZiWlo=
欲求不満妻,/xiazai/10778.html,https://mmxzqxl1.com/common/yazhou/201711/02/NFSnDGux/NFSnDGux.rmvb,thunder://QUFodHRwczovL21teHpxeGwxLmNvbS9jb21tb24veWF6aG91LzIwMTcxMS8wMi9ORlNuREd1eC9ORlNuREd1eC5ybXZiWlo=
麻里梨夏,/xiazai/10774.html,https://mmxzqxl1.com/common/yazhou/201711/02/bKbX4Cjf/bKbX4Cjf.rmvb,thunder://QUFodHRwczovL21teHpxeGwxLmNvbS9jb21tb24veWF6aG91LzIwMTcxMS8wMi9iS2JYNENqZi9iS2JYNENqZi5ybXZiWlo=
不道德的画布,/xiazai/10772.html,https://mmxzqxl1.com/common/yazhou/201710/20/EWAYEW22/EWAYEW22.rmvb,thunder://QUFodHRwczovL21teHpxeGwxLmNvbS9jb21tb24veWF6aG91LzIwMTcxMC8yMC9FV0FZRVcyMi9FV0FZRVcyMi5ybXZiWlo=
被繼父強行插入,/xiazai/10771.html,https://mmxzqxl1.com/common/yazhou/201710/20/JBSK8UE7/JBSK8UE7.rmvb,thunder://QUFodHRwczovL21teHpxeGwxLmNvbS9jb21tb24veWF6aG91LzIwMTcxMC8yMC9KQlNLOFVFNy9KQlNLOFVFNy5ybXZiWlo=
乱,/xiazai/7902.html,https://mmxzqxl1.com/common/yazhou/201712/05/qXMKTnHm/qXMKTnHm.rmvb,thunder://QUFodHRwczovL21teHpxeGwxLmNvbS9jb21tb24veWF6aG91LzIwMTcxMi8wNS9xWE1LVG5IbS9xWE1LVG5IbS5ybXZiWlo=
