使Onna的線條與吵鬧的衣服脫穎而出,/xiazai/32068.html
家庭主婦住在三鷹市,/xiazai/31944.html
她的妹妹用山雀吸引力量,/xiazai/31829.html
西山希girlfriend,/xiazai/31695.html
私人周刊,/xiazai/31694.html
巨乳山雀的擁抱,/xiazai/31693.html
玻璃推動足以讓乳房塌陷,/xiazai/31563.html
爆乳人妻擅自的誘惑不穿奶罩生活,/xiazai/31562.html
爆乳人妻寝取中出肉便器,/xiazai/31561.html
不討厭與丈夫的無愛生活卻還是給人睡,/xiazai/31448.html
不使用手积极的舔舐肉棒,/xiazai/31447.html
突然因事故發生,/xiazai/31446.html
超高級淫語療癒沙龍,/xiazai/31348.html
超高級溫泉沙龍最好的服務,/xiazai/31347.html
巨乳熟女逆痴漢肉棒调教,/xiazai/31346.html
早晨太陽的第一次觀光體驗,/xiazai/31220.html
超正混血美女立馬中出做愛,/xiazai/31219.html
童貞失去的成長日記,/xiazai/31218.html
处男肉棒中出美巨乳義母,/xiazai/31153.html
初次登場兒子的媳婦,/xiazai/31152.html
