人生初噴射,/xiazai/23680.html
愛好者感謝供的神奶自由地出租,/xiazai/23565.html
息子の新妻は、かて自分が痴漢,/xiazai/23564.html
性感美女温柔地引导客人射精,/xiazai/23563.html
彼女の母,/xiazai/23459.html
誘惑,/xiazai/23458.html
接吻狂,/xiazai/23457.html
強制的授乳願望痴女の顔面圧迫,/xiazai/23336.html
年轻的妻子的丈夫的名字和阴道射精,/xiazai/23335.html
帰麗夫人,/xiazai/23334.html
騎乗位,/xiazai/23256.html
市川痙攣,/xiazai/23255.html
巨大熟女襲来,/xiazai/23254.html
巨乳爆汗絶倫中出,/xiazai/23178.html
巨乳性感富有魅力的美人上司,/xiazai/23177.html
巨乳姪子 徳永亜美,/xiazai/23176.html
小麦色日烧无毛美少女羞耻乱交,/xiazai/23120.html
小悪魔女子校生潮吹高潮,/xiazai/23119.html
専業主婦被寝取,/xiazai/23118.html
封闭的房间温泉之旅,/xiazai/23028.html
