饱尝美臀,/xiazai/39087.html
不满足的人妻.,/xiazai/39086.html
在六本木高级酒馆工作的姐姐S级外行出演,/xiazai/38968.html
邻居漂亮的诱惑姐姐3P,/xiazai/38967.html
邻家巨乳娘露出诱惑,/xiazai/38966.html
美丽的高个子苗条身体,/xiazai/38838.html
可爱美少女化身猫女女仆,/xiazai/38837.html
绝对纯粹中出服务香皂小姐,/xiazai/38836.html
絶対抵抗不可能,/xiazai/38695.html
绝对强奸可爱的女大学生,/xiazai/38694.html
巨乳女子大生AV,/xiazai/38693.html
一个劲地中出巨乳女朋友,/xiazai/38570.html
酒吧悄悄純粹中出的爆奶角色,/xiazai/38569.html
金发花魁美女逆3P乱交,/xiazai/38568.html
今天我被别人抱着,/xiazai/38427.html
今天直到孕育为止,/xiazai/38426.html
榎本美咲45天禁欲,/xiazai/38425.html
家里蹲在房间里,/xiazai/38299.html
肛门扩张黑木育美,/xiazai/38298.html
对订婚的男朋友秘密AV,/xiazai/38297.html
